ShiftDate,ClinicName,ClinicCity,ClinicState,ShiftID,ShiftStart,ShiftEnd,DoctorFullName,HoursWorked
2005-01-01,Bellevue,Bellevue,WA,1,09:00:00,17:00:00,George Abercrombie,8
2005-01-01,Bellevue,Bellevue,WA,1,09:00:00,17:00:00,George Abercrombie,8
2005-01-01,Bellevue,Bellevue,WA,1,09:00:00,17:00:00,George Abercrombie,8
2005-01-01,Bellevue,Bellevue,WA,1,09:00:00,17:00:00,George Abercrombie,8
2005-01-01,Bellevue,Bellevue,WA,2,13:00:00,21:00:00,Michael John Greer,8
2005-01-01,Bellevue,Bellevue,WA,2,13:00:00,21:00:00,Michael John Greer,8
2005-01-01,Bellevue,Bellevue,WA,2,13:00:00,21:00:00,Michael John Greer,8
2005-01-01,Bellevue,Bellevue,WA,2,13:00:00,21:00:00,Michael John Greer,8
2005-01-01,Kirkland,Kirkland,WA,1,09:00:00,17:00:00,Laura German,8
2005-01-01,Kirkland,Kirkland,WA,1,09:00:00,17:00:00,Laura German,8
2005-01-01,Kirkland,Kirkland,WA,1,09:00:00,17:00:00,Laura German,8
2005-01-01,Kirkland,Kirkland,WA,1,09:00:00,17:00:00,Laura German,8
2005-01-01,Kirkland,Kirkland,WA,2,13:00:00,21:00:00,Ben Goldstein,8
2005-01-01,Kirkland,Kirkland,WA,2,13:00:00,21:00:00,Ben Goldstein,8
2005-01-01,Kirkland,Kirkland,WA,2,13:00:00,21:00:00,Ben Goldstein,8
2005-01-01,Kirkland,Kirkland,WA,2,13:00:00,21:00:00,Ben Goldstein,8
2005-01-01,Redmond,Redmond,WA,1,09:00:00,17:00:00,Lee Casts,8
2005-01-01,Redmond,Redmond,WA,1,09:00:00,17:00:00,Lee Casts,8
2005-01-01,Redmond,Redmond,WA,1,09:00:00,17:00:00,Lee Casts,8
2005-01-01,Redmond,Redmond,WA,1,09:00:00,17:00:00,Lee Casts,8
2005-01-01,Redmond,Redmond,WA,2,13:00:00,21:00:00,Ben Goldstein,8
2005-01-01,Redmond,Redmond,WA,2,13:00:00,21:00:00,Ben Goldstein,8
2005-01-01,Redmond,Redmond,WA,2,13:00:00,21:00:00,Ben Goldstein,8
2005-01-01,Redmond,Redmond,WA,2,13:00:00,21:00:00,Ben Goldstein,8
2005-01-02,Bellevue,Bellevue,WA,1,09:00:00,17:00:00,Elizabeth Berndt,8
2005-01-02,Bellevue,Bellevue,WA,1,09:00:00,17:00:00,Elizabeth Berndt,8
2005-01-02,Bellevue,Bellevue,WA,1,09:00:00,17:00:00,Elizabeth Berndt,8
2005-01-02,Bellevue,Bellevue,WA,1,09:00:00,17:00:00,Elizabeth Berndt,8
2005-01-02,Bellevue,Bellevue,WA,2,13:00:00,21:00:00,Kevin Mitchell,8
2005-01-02,Bellevue,Bellevue,WA,2,13:00:00,21:00:00,Kevin Mitchell,8
2005-01-02,Bellevue,Bellevue,WA,2,13:00:00,21:00:00,Kevin Mitchell,8
2005-01-02,Bellevue,Bellevue,WA,2,13:00:00,21:00:00,Kevin Mitchell,8
2005-01-02,Kirkland,Kirkland,WA,1,09:00:00,17:00:00,Elizabeth Berndt,8
2005-01-02,Kirkland,Kirkland,WA,1,09:00:00,17:00:00,Elizabeth Berndt,8
2005-01-02,Kirkland,Kirkland,WA,1,09:00:00,17:00:00,Elizabeth Berndt,8
2005-01-02,Kirkland,Kirkland,WA,1,09:00:00,17:00:00,Elizabeth Berndt,8
2005-01-02,Kirkland,Kirkland,WA,2,13:00:00,21:00:00,Kevin Mitchell,8
2005-01-02,Kirkland,Kirkland,WA,2,13:00:00,21:00:00,Kevin Mitchell,8
2005-01-02,Kirkland,Kirkland,WA,2,13:00:00,21:00:00,Kevin Mitchell,8
2005-01-02,Kirkland,Kirkland,WA,2,13:00:00,21:00:00,Kevin Mitchell,8
2005-01-02,Redmond,Redmond,WA,1,09:00:00,17:00:00,Lee Casts,8
2005-01-02,Redmond,Redmond,WA,1,09:00:00,17:00:00,Lee Casts,8
2005-01-02,Redmond,Redmond,WA,1,09:00:00,17:00:00,Lee Casts,8
2005-01-02,Redmond,Redmond,WA,1,09:00:00,17:00:00,Lee Casts,8
2005-01-02,Redmond,Redmond,WA,2,13:00:00,21:00:00,Laura German,8
2005-01-02,Redmond,Redmond,WA,2,13:00:00,21:00:00,Laura German,8
2005-01-02,Redmond,Redmond,WA,2,13:00:00,21:00:00,Laura German,8
2005-01-02,Redmond,Redmond,WA,2,13:00:00,21:00:00,Laura German,8
2005-01-03,Bellevue,Bellevue,WA,1,09:00:00,17:00:00,Alan Frintu,8
2005-01-03,Bellevue,Bellevue,WA,1,09:00:00,17:00:00,Alan Frintu,8
2005-01-03,Bellevue,Bellevue,WA,1,09:00:00,17:00:00,Alan Frintu,8
2005-01-03,Bellevue,Bellevue,WA,1,09:00:00,17:00:00,Alan Frintu,8
2005-01-03,Bellevue,Bellevue,WA,2,13:00:00,21:00:00,Mihail Kim,8
2005-01-03,Bellevue,Bellevue,WA,2,13:00:00,21:00:00,Mihail Kim,8
2005-01-03,Bellevue,Bellevue,WA,2,13:00:00,21:00:00,Mihail Kim,8
2005-01-03,Bellevue,Bellevue,WA,2,13:00:00,21:00:00,Mihail Kim,8
2005-01-03,Kirkland,Kirkland,WA,1,09:00:00,17:00:00,Johnny Kogan,8
2005-01-03,Kirkland,Kirkland,WA,1,09:00:00,17:00:00,Johnny Kogan,8
2005-01-03,Kirkland,Kirkland,WA,1,09:00:00,17:00:00,Johnny Kogan,8
2005-01-03,Kirkland,Kirkland,WA,1,09:00:00,17:00:00,Johnny Kogan,8
2005-01-03,Kirkland,Kirkland,WA,2,13:00:00,21:00:00,Lee Casts,8
2005-01-03,Kirkland,Kirkland,WA,2,13:00:00,21:00:00,Lee Casts,8
2005-01-03,Kirkland,Kirkland,WA,2,13:00:00,21:00:00,Lee Casts,8
2005-01-03,Kirkland,Kirkland,WA,2,13:00:00,21:00:00,Lee Casts,8
2005-01-03,Redmond,Redmond,WA,1,09:00:00,17:00:00,George Abercrombie,8
2005-01-03,Redmond,Redmond,WA,1,09:00:00,17:00:00,George Abercrombie,8
2005-01-03,Redmond,Redmond,WA,1,09:00:00,17:00:00,George Abercrombie,8
2005-01-03,Redmond,Redmond,WA,1,09:00:00,17:00:00,George Abercrombie,8
2005-01-03,Redmond,Redmond,WA,2,13:00:00,21:00:00,Johnny Kogan,8
2005-01-03,Redmond,Redmond,WA,2,13:00:00,21:00:00,Johnny Kogan,8
2005-01-03,Redmond,Redmond,WA,2,13:00:00,21:00:00,Johnny Kogan,8
2005-01-03,Redmond,Redmond,WA,2,13:00:00,21:00:00,Johnny Kogan,8
2005-01-04,Bellevue,Bellevue,WA,1,09:00:00,17:00:00,Johnny Kogan,8
2005-01-04,Bellevue,Bellevue,WA,1,09:00:00,17:00:00,Johnny Kogan,8
2005-01-04,Bellevue,Bellevue,WA,1,09:00:00,17:00:00,Johnny Kogan,8
2005-01-04,Bellevue,Bellevue,WA,1,09:00:00,17:00:00,Johnny Kogan,8
2005-01-04,Bellevue,Bellevue,WA,2,13:00:00,21:00:00,Elizabeth Berndt,8
2005-01-04,Bellevue,Bellevue,WA,2,13:00:00,21:00:00,Elizabeth Berndt,8
2005-01-04,Bellevue,Bellevue,WA,2,13:00:00,21:00:00,Elizabeth Berndt,8
2005-01-04,Bellevue,Bellevue,WA,2,13:00:00,21:00:00,Elizabeth Berndt,8
2005-01-04,Kirkland,Kirkland,WA,1,09:00:00,17:00:00,Kevin Mitchell,8
2005-01-04,Kirkland,Kirkland,WA,1,09:00:00,17:00:00,Kevin Mitchell,8
2005-01-04,Kirkland,Kirkland,WA,1,09:00:00,17:00:00,Kevin Mitchell,8
2005-01-04,Kirkland,Kirkland,WA,1,09:00:00,17:00:00,Kevin Mitchell,8
2005-01-04,Kirkland,Kirkland,WA,2,13:00:00,21:00:00,Lee Casts,8
2005-01-04,Kirkland,Kirkland,WA,2,13:00:00,21:00:00,Lee Casts,8
2005-01-04,Kirkland,Kirkland,WA,2,13:00:00,21:00:00,Lee Casts,8
2005-01-04,Kirkland,Kirkland,WA,2,13:00:00,21:00:00,Lee Casts,8
2005-01-04,Redmond,Redmond,WA,1,09:00:00,17:00:00,Rudolph Ison,8
2005-01-04,Redmond,Redmond,WA,1,09:00:00,17:00:00,Rudolph Ison,8
2005-01-04,Redmond,Redmond,WA,1,09:00:00,17:00:00,Rudolph Ison,8
2005-01-04,Redmond,Redmond,WA,1,09:00:00,17:00:00,Rudolph Ison,8
2005-01-04,Redmond,Redmond,WA,2,13:00:00,21:00:00,Johnny Kogan,8
2005-01-04,Redmond,Redmond,WA,2,13:00:00,21:00:00,Johnny Kogan,8
2005-01-04,Redmond,Redmond,WA,2,13:00:00,21:00:00,Johnny Kogan,8
2005-01-04,Redmond,Redmond,WA,2,13:00:00,21:00:00,Johnny Kogan,8
2005-01-05,Bellevue,Bellevue,WA,1,09:00:00,17:00:00,George Abercrombie,8
2005-01-05,Bellevue,Bellevue,WA,1,09:00:00,17:00:00,George Abercrombie,8
2005-01-05,Bellevue,Bellevue,WA,1,09:00:00,17:00:00,George Abercrombie,8
2005-01-05,Bellevue,Bellevue,WA,1,09:00:00,17:00:00,George Abercrombie,8
2005-01-05,Bellevue,Bellevue,WA,2,13:00:00,21:00:00,Lee Casts,8
2005-01-05,Bellevue,Bellevue,WA,2,13:00:00,21:00:00,Lee Casts,8
2005-01-05,Bellevue,Bellevue,WA,2,13:00:00,21:00:00,Lee Casts,8
2005-01-05,Bellevue,Bellevue,WA,2,13:00:00,21:00:00,Lee Casts,8
2005-01-05,Kirkland,Kirkland,WA,1,09:00:00,17:00:00,Michael John Greer,8
2005-01-05,Kirkland,Kirkland,WA,1,09:00:00,17:00:00,Michael John Greer,8
2005-01-05,Kirkland,Kirkland,WA,1,09:00:00,17:00:00,Michael John Greer,8
2005-01-05,Kirkland,Kirkland,WA,1,09:00:00,17:00:00,Michael John Greer,8
2005-01-05,Kirkland,Kirkland,WA,2,13:00:00,21:00:00,Robert Hodges,8
2005-01-05,Kirkland,Kirkland,WA,2,13:00:00,21:00:00,Robert Hodges,8
2005-01-05,Kirkland,Kirkland,WA,2,13:00:00,21:00:00,Robert Hodges,8
2005-01-05,Kirkland,Kirkland,WA,2,13:00:00,21:00:00,Robert Hodges,8
2005-01-05,Redmond,Redmond,WA,1,09:00:00,17:00:00,Michael John Greer,8
2005-01-05,Redmond,Redmond,WA,1,09:00:00,17:00:00,Michael John Greer,8
2005-01-05,Redmond,Redmond,WA,1,09:00:00,17:00:00,Michael John Greer,8
2005-01-05,Redmond,Redmond,WA,1,09:00:00,17:00:00,Michael John Greer,8
2005-01-05,Redmond,Redmond,WA,2,13:00:00,21:00:00,Elizabeth Berndt,8
2005-01-05,Redmond,Redmond,WA,2,13:00:00,21:00:00,Elizabeth Berndt,8
2005-01-05,Redmond,Redmond,WA,2,13:00:00,21:00:00,Elizabeth Berndt,8
2005-01-05,Redmond,Redmond,WA,2,13:00:00,21:00:00,Elizabeth Berndt,8
2005-01-06,Bellevue,Bellevue,WA,1,09:00:00,17:00:00,Ben Goldstein,8
2005-01-06,Bellevue,Bellevue,WA,1,09:00:00,17:00:00,Ben Goldstein,8
2005-01-06,Bellevue,Bellevue,WA,1,09:00:00,17:00:00,Ben Goldstein,8
2005-01-06,Bellevue,Bellevue,WA,1,09:00:00,17:00:00,Ben Goldstein,8
2005-01-06,Bellevue,Bellevue,WA,2,13:00:00,21:00:00,Lee Casts,8
2005-01-06,Bellevue,Bellevue,WA,2,13:00:00,21:00:00,Lee Casts,8
2005-01-06,Bellevue,Bellevue,WA,2,13:00:00,21:00:00,Lee Casts,8
2005-01-06,Bellevue,Bellevue,WA,2,13:00:00,21:00:00,Lee Casts,8
2005-01-06,Kirkland,Kirkland,WA,1,09:00:00,17:00:00,Alan Frintu,8
2005-01-06,Kirkland,Kirkland,WA,1,09:00:00,17:00:00,Alan Frintu,8
2005-01-06,Kirkland,Kirkland,WA,1,09:00:00,17:00:00,Alan Frintu,8
2005-01-06,Kirkland,Kirkland,WA,1,09:00:00,17:00:00,Alan Frintu,8
2005-01-06,Kirkland,Kirkland,WA,2,13:00:00,21:00:00,Alan Frintu,8
2005-01-06,Kirkland,Kirkland,WA,2,13:00:00,21:00:00,Alan Frintu,8
2005-01-06,Kirkland,Kirkland,WA,2,13:00:00,21:00:00,Alan Frintu,8
2005-01-06,Kirkland,Kirkland,WA,2,13:00:00,21:00:00,Alan Frintu,8
2005-01-06,Redmond,Redmond,WA,1,09:00:00,17:00:00,Ben Goldstein,8
2005-01-06,Redmond,Redmond,WA,1,09:00:00,17:00:00,Ben Goldstein,8
2005-01-06,Redmond,Redmond,WA,1,09:00:00,17:00:00,Ben Goldstein,8
2005-01-06,Redmond,Redmond,WA,1,09:00:00,17:00:00,Ben Goldstein,8
2005-01-06,Redmond,Redmond,WA,2,13:00:00,21:00:00,Kelly Steiner,8
2005-01-06,Redmond,Redmond,WA,2,13:00:00,21:00:00,Kelly Steiner,8
2005-01-06,Redmond,Redmond,WA,2,13:00:00,21:00:00,Kelly Steiner,8
2005-01-06,Redmond,Redmond,WA,2,13:00:00,21:00:00,Kelly Steiner,8
2005-01-07,Bellevue,Bellevue,WA,1,09:00:00,17:00:00,Elizabeth Berndt,8
2005-01-07,Bellevue,Bellevue,WA,1,09:00:00,17:00:00,Elizabeth Berndt,8
2005-01-07,Bellevue,Bellevue,WA,1,09:00:00,17:00:00,Elizabeth Berndt,8
2005-01-07,Bellevue,Bellevue,WA,1,09:00:00,17:00:00,Elizabeth Berndt,8
2005-01-07,Bellevue,Bellevue,WA,2,13:00:00,21:00:00,Johnny Kogan,8
2005-01-07,Bellevue,Bellevue,WA,2,13:00:00,21:00:00,Johnny Kogan,8
2005-01-07,Bellevue,Bellevue,WA,2,13:00:00,21:00:00,Johnny Kogan,8
2005-01-07,Bellevue,Bellevue,WA,2,13:00:00,21:00:00,Johnny Kogan,8
2005-01-07,Kirkland,Kirkland,WA,1,09:00:00,17:00:00,George Abercrombie,8
2005-01-07,Kirkland,Kirkland,WA,1,09:00:00,17:00:00,George Abercrombie,8
2005-01-07,Kirkland,Kirkland,WA,1,09:00:00,17:00:00,George Abercrombie,8
2005-01-07,Kirkland,Kirkland,WA,1,09:00:00,17:00:00,George Abercrombie,8
2005-01-07,Kirkland,Kirkland,WA,2,13:00:00,21:00:00,Michael John Greer,8
2005-01-07,Kirkland,Kirkland,WA,2,13:00:00,21:00:00,Michael John Greer,8
2005-01-07,Kirkland,Kirkland,WA,2,13:00:00,21:00:00,Michael John Greer,8
2005-01-07,Kirkland,Kirkland,WA,2,13:00:00,21:00:00,Michael John Greer,8
2005-01-07,Redmond,Redmond,WA,1,09:00:00,17:00:00,Robert Hodges,8
2005-01-07,Redmond,Redmond,WA,1,09:00:00,17:00:00,Robert Hodges,8
2005-01-07,Redmond,Redmond,WA,1,09:00:00,17:00:00,Robert Hodges,8
2005-01-07,Redmond,Redmond,WA,1,09:00:00,17:00:00,Robert Hodges,8
2005-01-07,Redmond,Redmond,WA,2,13:00:00,21:00:00,Kelly Steiner,8
2005-01-07,Redmond,Redmond,WA,2,13:00:00,21:00:00,Kelly Steiner,8
2005-01-07,Redmond,Redmond,WA,2,13:00:00,21:00:00,Kelly Steiner,8
2005-01-07,Redmond,Redmond,WA,2,13:00:00,21:00:00,Kelly Steiner,8
2005-01-08,Bellevue,Bellevue,WA,1,09:00:00,17:00:00,Rudolph Ison,8
2005-01-08,Bellevue,Bellevue,WA,1,09:00:00,17:00:00,Rudolph Ison,8
2005-01-08,Bellevue,Bellevue,WA,1,09:00:00,17:00:00,Rudolph Ison,8
2005-01-08,Bellevue,Bellevue,WA,1,09:00:00,17:00:00,Rudolph Ison,8
2005-01-08,Bellevue,Bellevue,WA,2,13:00:00,21:00:00,Robert Hodges,8
2005-01-08,Bellevue,Bellevue,WA,2,13:00:00,21:00:00,Robert Hodges,8
2005-01-08,Bellevue,Bellevue,WA,2,13:00:00,21:00:00,Robert Hodges,8
2005-01-08,Bellevue,Bellevue,WA,2,13:00:00,21:00:00,Robert Hodges,8
2005-01-08,Kirkland,Kirkland,WA,1,09:00:00,17:00:00,Rudolph Ison,8
2005-01-08,Kirkland,Kirkland,WA,1,09:00:00,17:00:00,Rudolph Ison,8
2005-01-08,Kirkland,Kirkland,WA,1,09:00:00,17:00:00,Rudolph Ison,8
2005-01-08,Kirkland,Kirkland,WA,1,09:00:00,17:00:00,Rudolph Ison,8
2005-01-08,Kirkland,Kirkland,WA,2,13:00:00,21:00:00,Kevin Mitchell,8
2005-01-08,Kirkland,Kirkland,WA,2,13:00:00,21:00:00,Kevin Mitchell,8
2005-01-08,Kirkland,Kirkland,WA,2,13:00:00,21:00:00,Kevin Mitchell,8
2005-01-08,Kirkland,Kirkland,WA,2,13:00:00,21:00:00,Kevin Mitchell,8
2005-01-08,Redmond,Redmond,WA,1,09:00:00,17:00:00,Alan Frintu,8
2005-01-08,Redmond,Redmond,WA,1,09:00:00,17:00:00,Alan Frintu,8
2005-01-08,Redmond,Redmond,WA,1,09:00:00,17:00:00,Alan Frintu,8
2005-01-08,Redmond,Redmond,WA,1,09:00:00,17:00:00,Alan Frintu,8
2005-01-08,Redmond,Redmond,WA,2,13:00:00,21:00:00,Robert Hodges,8
2005-01-08,Redmond,Redmond,WA,2,13:00:00,21:00:00,Robert Hodges,8
2005-01-08,Redmond,Redmond,WA,2,13:00:00,21:00:00,Robert Hodges,8
2005-01-08,Redmond,Redmond,WA,2,13:00:00,21:00:00,Robert Hodges,8
2005-01-09,Bellevue,Bellevue,WA,1,09:00:00,17:00:00,Rudolph Ison,8
2005-01-09,Bellevue,Bellevue,WA,1,09:00:00,17:00:00,Rudolph Ison,8
2005-01-09,Bellevue,Bellevue,WA,1,09:00:00,17:00:00,Rudolph Ison,8
2005-01-09,Bellevue,Bellevue,WA,1,09:00:00,17:00:00,Rudolph Ison,8
2005-01-09,Bellevue,Bellevue,WA,2,13:00:00,21:00:00,Robert Hodges,8
2005-01-09,Bellevue,Bellevue,WA,2,13:00:00,21:00:00,Robert Hodges,8
2005-01-09,Bellevue,Bellevue,WA,2,13:00:00,21:00:00,Robert Hodges,8
2005-01-09,Bellevue,Bellevue,WA,2,13:00:00,21:00:00,Robert Hodges,8
2005-01-09,Kirkland,Kirkland,WA,1,09:00:00,17:00:00,George Abercrombie,8
2005-01-09,Kirkland,Kirkland,WA,1,09:00:00,17:00:00,George Abercrombie,8
2005-01-09,Kirkland,Kirkland,WA,1,09:00:00,17:00:00,George Abercrombie,8
2005-01-09,Kirkland,Kirkland,WA,1,09:00:00,17:00:00,George Abercrombie,8
2005-01-09,Kirkland,Kirkland,WA,2,13:00:00,21:00:00,Laura German,8
2005-01-09,Kirkland,Kirkland,WA,2,13:00:00,21:00:00,Laura German,8
2005-01-09,Kirkland,Kirkland,WA,2,13:00:00,21:00:00,Laura German,8
2005-01-09,Kirkland,Kirkland,WA,2,13:00:00,21:00:00,Laura German,8
2005-01-09,Redmond,Redmond,WA,1,09:00:00,17:00:00,Michael John Greer,8
2005-01-09,Redmond,Redmond,WA,1,09:00:00,17:00:00,Michael John Greer,8
2005-01-09,Redmond,Redmond,WA,1,09:00:00,17:00:00,Michael John Greer,8
2005-01-09,Redmond,Redmond,WA,1,09:00:00,17:00:00,Michael John Greer,8
2005-01-09,Redmond,Redmond,WA,2,13:00:00,21:00:00,Elizabeth Berndt,8
2005-01-09,Redmond,Redmond,WA,2,13:00:00,21:00:00,Elizabeth Berndt,8
2005-01-09,Redmond,Redmond,WA,2,13:00:00,21:00:00,Elizabeth Berndt,8
2005-01-09,Redmond,Redmond,WA,2,13:00:00,21:00:00,Elizabeth Berndt,8
2005-01-10,Bellevue,Bellevue,WA,1,09:00:00,17:00:00,Johnny Kogan,8
2005-01-10,Bellevue,Bellevue,WA,1,09:00:00,17:00:00,Johnny Kogan,8
2005-01-10,Bellevue,Bellevue,WA,1,09:00:00,17:00:00,Johnny Kogan,8
2005-01-10,Bellevue,Bellevue,WA,1,09:00:00,17:00:00,Johnny Kogan,8
2005-01-10,Bellevue,Bellevue,WA,2,13:00:00,21:00:00,Laura German,8
2005-01-10,Bellevue,Bellevue,WA,2,13:00:00,21:00:00,Laura German,8
2005-01-10,Bellevue,Bellevue,WA,2,13:00:00,21:00:00,Laura German,8
2005-01-10,Bellevue,Bellevue,WA,2,13:00:00,21:00:00,Laura German,8
2005-01-10,Kirkland,Kirkland,WA,1,09:00:00,17:00:00,Laura German,8
2005-01-10,Kirkland,Kirkland,WA,1,09:00:00,17:00:00,Laura German,8
2005-01-10,Kirkland,Kirkland,WA,1,09:00:00,17:00:00,Laura German,8
2005-01-10,Kirkland,Kirkland,WA,1,09:00:00,17:00:00,Laura German,8
2005-01-10,Kirkland,Kirkland,WA,2,13:00:00,21:00:00,Laura German,8
2005-01-10,Kirkland,Kirkland,WA,2,13:00:00,21:00:00,Laura German,8
2005-01-10,Kirkland,Kirkland,WA,2,13:00:00,21:00:00,Laura German,8
2005-01-10,Kirkland,Kirkland,WA,2,13:00:00,21:00:00,Laura German,8
2005-01-10,Redmond,Redmond,WA,1,09:00:00,17:00:00,Michael John Greer,8
2005-01-10,Redmond,Redmond,WA,1,09:00:00,17:00:00,Michael John Greer,8
2005-01-10,Redmond,Redmond,WA,1,09:00:00,17:00:00,Michael John Greer,8
2005-01-10,Redmond,Redmond,WA,1,09:00:00,17:00:00,Michael John Greer,8
2005-01-10,Redmond,Redmond,WA,2,13:00:00,21:00:00,Ben Goldstein,8
2005-01-10,Redmond,Redmond,WA,2,13:00:00,21:00:00,Ben Goldstein,8
2005-01-10,Redmond,Redmond,WA,2,13:00:00,21:00:00,Ben Goldstein,8
2005-01-10,Redmond,Redmond,WA,2,13:00:00,21:00:00,Ben Goldstein,8
2005-01-11,Bellevue,Bellevue,WA,1,09:00:00,17:00:00,Alan Frintu,8
2005-01-11,Bellevue,Bellevue,WA,1,09:00:00,17:00:00,Alan Frintu,8
2005-01-11,Bellevue,Bellevue,WA,1,09:00:00,17:00:00,Alan Frintu,8
2005-01-11,Bellevue,Bellevue,WA,1,09:00:00,17:00:00,Alan Frintu,8
2005-01-11,Bellevue,Bellevue,WA,2,13:00:00,21:00:00,Michael John Greer,8
2005-01-11,Bellevue,Bellevue,WA,2,13:00:00,21:00:00,Michael John Greer,8
2005-01-11,Bellevue,Bellevue,WA,2,13:00:00,21:00:00,Michael John Greer,8
2005-01-11,Bellevue,Bellevue,WA,2,13:00:00,21:00:00,Michael John Greer,8
2005-01-11,Kirkland,Kirkland,WA,1,09:00:00,17:00:00,Robert Hodges,8
2005-01-11,Kirkland,Kirkland,WA,1,09:00:00,17:00:00,Robert Hodges,8
2005-01-11,Kirkland,Kirkland,WA,1,09:00:00,17:00:00,Robert Hodges,8
2005-01-11,Kirkland,Kirkland,WA,1,09:00:00,17:00:00,Robert Hodges,8
2005-01-11,Kirkland,Kirkland,WA,2,13:00:00,21:00:00,Lee Casts,8
2005-01-11,Kirkland,Kirkland,WA,2,13:00:00,21:00:00,Lee Casts,8
2005-01-11,Kirkland,Kirkland,WA,2,13:00:00,21:00:00,Lee Casts,8
2005-01-11,Kirkland,Kirkland,WA,2,13:00:00,21:00:00,Lee Casts,8
2005-01-11,Redmond,Redmond,WA,1,09:00:00,17:00:00,Alan Frintu,8
2005-01-11,Redmond,Redmond,WA,1,09:00:00,17:00:00,Alan Frintu,8
2005-01-11,Redmond,Redmond,WA,1,09:00:00,17:00:00,Alan Frintu,8
2005-01-11,Redmond,Redmond,WA,1,09:00:00,17:00:00,Alan Frintu,8
2005-01-11,Redmond,Redmond,WA,2,13:00:00,21:00:00,Michael John Greer,8
2005-01-11,Redmond,Redmond,WA,2,13:00:00,21:00:00,Michael John Greer,8
2005-01-11,Redmond,Redmond,WA,2,13:00:00,21:00:00,Michael John Greer,8
2005-01-11,Redmond,Redmond,WA,2,13:00:00,21:00:00,Michael John Greer,8
2005-01-12,Bellevue,Bellevue,WA,1,09:00:00,17:00:00,Ben Goldstein,8
2005-01-12,Bellevue,Bellevue,WA,1,09:00:00,17:00:00,Ben Goldstein,8
2005-01-12,Bellevue,Bellevue,WA,1,09:00:00,17:00:00,Ben Goldstein,8
2005-01-12,Bellevue,Bellevue,WA,1,09:00:00,17:00:00,Ben Goldstein,8
2005-01-12,Bellevue,Bellevue,WA,2,13:00:00,21:00:00,Ben Goldstein,8
2005-01-12,Bellevue,Bellevue,WA,2,13:00:00,21:00:00,Ben Goldstein,8
2005-01-12,Bellevue,Bellevue,WA,2,13:00:00,21:00:00,Ben Goldstein,8
2005-01-12,Bellevue,Bellevue,WA,2,13:00:00,21:00:00,Ben Goldstein,8
2005-01-12,Kirkland,Kirkland,WA,1,09:00:00,17:00:00,Alan Frintu,8
2005-01-12,Kirkland,Kirkland,WA,1,09:00:00,17:00:00,Alan Frintu,8
2005-01-12,Kirkland,Kirkland,WA,1,09:00:00,17:00:00,Alan Frintu,8
2005-01-12,Kirkland,Kirkland,WA,1,09:00:00,17:00:00,Alan Frintu,8
2005-01-12,Kirkland,Kirkland,WA,2,13:00:00,21:00:00,Michael John Greer,8
2005-01-12,Kirkland,Kirkland,WA,2,13:00:00,21:00:00,Michael John Greer,8
2005-01-12,Kirkland,Kirkland,WA,2,13:00:00,21:00:00,Michael John Greer,8
2005-01-12,Kirkland,Kirkland,WA,2,13:00:00,21:00:00,Michael John Greer,8
2005-01-12,Redmond,Redmond,WA,1,09:00:00,17:00:00,Alan Frintu,8
2005-01-12,Redmond,Redmond,WA,1,09:00:00,17:00:00,Alan Frintu,8
2005-01-12,Redmond,Redmond,WA,1,09:00:00,17:00:00,Alan Frintu,8
2005-01-12,Redmond,Redmond,WA,1,09:00:00,17:00:00,Alan Frintu,8
2005-01-12,Redmond,Redmond,WA,2,13:00:00,21:00:00,Laura German,8
2005-01-12,Redmond,Redmond,WA,2,13:00:00,21:00:00,Laura German,8
2005-01-12,Redmond,Redmond,WA,2,13:00:00,21:00:00,Laura German,8
2005-01-12,Redmond,Redmond,WA,2,13:00:00,21:00:00,Laura German,8
2005-01-13,Bellevue,Bellevue,WA,1,09:00:00,17:00:00,George Abercrombie,8
2005-01-13,Bellevue,Bellevue,WA,1,09:00:00,17:00:00,George Abercrombie,8
2005-01-13,Bellevue,Bellevue,WA,1,09:00:00,17:00:00,George Abercrombie,8
2005-01-13,Bellevue,Bellevue,WA,1,09:00:00,17:00:00,George Abercrombie,8
2005-01-13,Bellevue,Bellevue,WA,2,13:00:00,21:00:00,Kelly Steiner,8
2005-01-13,Bellevue,Bellevue,WA,2,13:00:00,21:00:00,Kelly Steiner,8
2005-01-13,Bellevue,Bellevue,WA,2,13:00:00,21:00:00,Kelly Steiner,8
2005-01-13,Bellevue,Bellevue,WA,2,13:00:00,21:00:00,Kelly Steiner,8
2005-01-13,Kirkland,Kirkland,WA,1,09:00:00,17:00:00,Ben Goldstein,8
2005-01-13,Kirkland,Kirkland,WA,1,09:00:00,17:00:00,Ben Goldstein,8
2005-01-13,Kirkland,Kirkland,WA,1,09:00:00,17:00:00,Ben Goldstein,8
2005-01-13,Kirkland,Kirkland,WA,1,09:00:00,17:00:00,Ben Goldstein,8
2005-01-13,Kirkland,Kirkland,WA,2,13:00:00,21:00:00,Johnny Kogan,8
2005-01-13,Kirkland,Kirkland,WA,2,13:00:00,21:00:00,Johnny Kogan,8
2005-01-13,Kirkland,Kirkland,WA,2,13:00:00,21:00:00,Johnny Kogan,8
2005-01-13,Kirkland,Kirkland,WA,2,13:00:00,21:00:00,Johnny Kogan,8
2005-01-13,Redmond,Redmond,WA,1,09:00:00,17:00:00,Lee Casts,8
2005-01-13,Redmond,Redmond,WA,1,09:00:00,17:00:00,Lee Casts,8
2005-01-13,Redmond,Redmond,WA,1,09:00:00,17:00:00,Lee Casts,8
2005-01-13,Redmond,Redmond,WA,1,09:00:00,17:00:00,Lee Casts,8
2005-01-13,Redmond,Redmond,WA,2,13:00:00,21:00:00,Kevin Mitchell,8
2005-01-13,Redmond,Redmond,WA,2,13:00:00,21:00:00,Kevin Mitchell,8
2005-01-13,Redmond,Redmond,WA,2,13:00:00,21:00:00,Kevin Mitchell,8
2005-01-13,Redmond,Redmond,WA,2,13:00:00,21:00:00,Kevin Mitchell,8
2005-01-14,Bellevue,Bellevue,WA,1,09:00:00,17:00:00,Mihail Kim,8
2005-01-14,Bellevue,Bellevue,WA,1,09:00:00,17:00:00,Mihail Kim,8
2005-01-14,Bellevue,Bellevue,WA,1,09:00:00,17:00:00,Mihail Kim,8
2005-01-14,Bellevue,Bellevue,WA,1,09:00:00,17:00:00,Mihail Kim,8
2005-01-14,Bellevue,Bellevue,WA,2,13:00:00,21:00:00,Mihail Kim,8
2005-01-14,Bellevue,Bellevue,WA,2,13:00:00,21:00:00,Mihail Kim,8
2005-01-14,Bellevue,Bellevue,WA,2,13:00:00,21:00:00,Mihail Kim,8
2005-01-14,Bellevue,Bellevue,WA,2,13:00:00,21:00:00,Mihail Kim,8
2005-01-14,Kirkland,Kirkland,WA,1,09:00:00,17:00:00,Elizabeth Berndt,8
2005-01-14,Kirkland,Kirkland,WA,1,09:00:00,17:00:00,Elizabeth Berndt,8
2005-01-14,Kirkland,Kirkland,WA,1,09:00:00,17:00:00,Elizabeth Berndt,8
2005-01-14,Kirkland,Kirkland,WA,1,09:00:00,17:00:00,Elizabeth Berndt,8
2005-01-14,Kirkland,Kirkland,WA,2,13:00:00,21:00:00,Alan Frintu,8
2005-01-14,Kirkland,Kirkland,WA,2,13:00:00,21:00:00,Alan Frintu,8
2005-01-14,Kirkland,Kirkland,WA,2,13:00:00,21:00:00,Alan Frintu,8
2005-01-14,Kirkland,Kirkland,WA,2,13:00:00,21:00:00,Alan Frintu,8
2005-01-14,Redmond,Redmond,WA,1,09:00:00,17:00:00,George Abercrombie,8
2005-01-14,Redmond,Redmond,WA,1,09:00:00,17:00:00,George Abercrombie,8
2005-01-14,Redmond,Redmond,WA,1,09:00:00,17:00:00,George Abercrombie,8
2005-01-14,Redmond,Redmond,WA,1,09:00:00,17:00:00,George Abercrombie,8
2005-01-14,Redmond,Redmond,WA,2,13:00:00,21:00:00,Lee Casts,8
2005-01-14,Redmond,Redmond,WA,2,13:00:00,21:00:00,Lee Casts,8
2005-01-14,Redmond,Redmond,WA,2,13:00:00,21:00:00,Lee Casts,8
2005-01-14,Redmond,Redmond,WA,2,13:00:00,21:00:00,Lee Casts,8
2005-01-15,Bellevue,Bellevue,WA,1,09:00:00,17:00:00,Lee Casts,8
2005-01-15,Bellevue,Bellevue,WA,1,09:00:00,17:00:00,Lee Casts,8
2005-01-15,Bellevue,Bellevue,WA,1,09:00:00,17:00:00,Lee Casts,8
2005-01-15,Bellevue,Bellevue,WA,1,09:00:00,17:00:00,Lee Casts,8
2005-01-15,Bellevue,Bellevue,WA,2,13:00:00,21:00:00,Alan Frintu,8
2005-01-15,Bellevue,Bellevue,WA,2,13:00:00,21:00:00,Alan Frintu,8
2005-01-15,Bellevue,Bellevue,WA,2,13:00:00,21:00:00,Alan Frintu,8
2005-01-15,Bellevue,Bellevue,WA,2,13:00:00,21:00:00,Alan Frintu,8
2005-01-15,Kirkland,Kirkland,WA,1,09:00:00,17:00:00,Johnny Kogan,8
2005-01-15,Kirkland,Kirkland,WA,1,09:00:00,17:00:00,Johnny Kogan,8
2005-01-15,Kirkland,Kirkland,WA,1,09:00:00,17:00:00,Johnny Kogan,8
2005-01-15,Kirkland,Kirkland,WA,1,09:00:00,17:00:00,Johnny Kogan,8
2005-01-15,Kirkland,Kirkland,WA,2,13:00:00,21:00:00,Laura German,8
2005-01-15,Kirkland,Kirkland,WA,2,13:00:00,21:00:00,Laura German,8
2005-01-15,Kirkland,Kirkland,WA,2,13:00:00,21:00:00,Laura German,8
2005-01-15,Kirkland,Kirkland,WA,2,13:00:00,21:00:00,Laura German,8
2005-01-15,Redmond,Redmond,WA,1,09:00:00,17:00:00,Elizabeth Berndt,8
2005-01-15,Redmond,Redmond,WA,1,09:00:00,17:00:00,Elizabeth Berndt,8
2005-01-15,Redmond,Redmond,WA,1,09:00:00,17:00:00,Elizabeth Berndt,8
2005-01-15,Redmond,Redmond,WA,1,09:00:00,17:00:00,Elizabeth Berndt,8
2005-01-15,Redmond,Redmond,WA,2,13:00:00,21:00:00,Kelly Steiner,8
2005-01-15,Redmond,Redmond,WA,2,13:00:00,21:00:00,Kelly Steiner,8
2005-01-15,Redmond,Redmond,WA,2,13:00:00,21:00:00,Kelly Steiner,8
2005-01-15,Redmond,Redmond,WA,2,13:00:00,21:00:00,Kelly Steiner,8
2005-01-16,Bellevue,Bellevue,WA,1,09:00:00,17:00:00,Mihail Kim,8
2005-01-16,Bellevue,Bellevue,WA,1,09:00:00,17:00:00,Mihail Kim,8
2005-01-16,Bellevue,Bellevue,WA,1,09:00:00,17:00:00,Mihail Kim,8
2005-01-16,Bellevue,Bellevue,WA,1,09:00:00,17:00:00,Mihail Kim,8
2005-01-16,Bellevue,Bellevue,WA,2,13:00:00,21:00:00,Michael John Greer,8
2005-01-16,Bellevue,Bellevue,WA,2,13:00:00,21:00:00,Michael John Greer,8
2005-01-16,Bellevue,Bellevue,WA,2,13:00:00,21:00:00,Michael John Greer,8
2005-01-16,Bellevue,Bellevue,WA,2,13:00:00,21:00:00,Michael John Greer,8
2005-01-16,Kirkland,Kirkland,WA,1,09:00:00,17:00:00,George Abercrombie,8
2005-01-16,Kirkland,Kirkland,WA,1,09:00:00,17:00:00,George Abercrombie,8
2005-01-16,Kirkland,Kirkland,WA,1,09:00:00,17:00:00,George Abercrombie,8
2005-01-16,Kirkland,Kirkland,WA,1,09:00:00,17:00:00,George Abercrombie,8
2005-01-16,Kirkland,Kirkland,WA,2,13:00:00,21:00:00,Michael John Greer,8
2005-01-16,Kirkland,Kirkland,WA,2,13:00:00,21:00:00,Michael John Greer,8
2005-01-16,Kirkland,Kirkland,WA,2,13:00:00,21:00:00,Michael John Greer,8
2005-01-16,Kirkland,Kirkland,WA,2,13:00:00,21:00:00,Michael John Greer,8
2005-01-16,Redmond,Redmond,WA,1,09:00:00,17:00:00,Alan Frintu,8
2005-01-16,Redmond,Redmond,WA,1,09:00:00,17:00:00,Alan Frintu,8
2005-01-16,Redmond,Redmond,WA,1,09:00:00,17:00:00,Alan Frintu,8
2005-01-16,Redmond,Redmond,WA,1,09:00:00,17:00:00,Alan Frintu,8
2005-01-16,Redmond,Redmond,WA,2,13:00:00,21:00:00,Lee Casts,8
2005-01-16,Redmond,Redmond,WA,2,13:00:00,21:00:00,Lee Casts,8
2005-01-16,Redmond,Redmond,WA,2,13:00:00,21:00:00,Lee Casts,8
2005-01-16,Redmond,Redmond,WA,2,13:00:00,21:00:00,Lee Casts,8
2005-01-17,Bellevue,Bellevue,WA,1,09:00:00,17:00:00,Laura German,8
2005-01-17,Bellevue,Bellevue,WA,1,09:00:00,17:00:00,Laura German,8
2005-01-17,Bellevue,Bellevue,WA,1,09:00:00,17:00:00,Laura German,8
2005-01-17,Bellevue,Bellevue,WA,1,09:00:00,17:00:00,Laura German,8
2005-01-17,Bellevue,Bellevue,WA,2,13:00:00,21:00:00,Mihail Kim,8
2005-01-17,Bellevue,Bellevue,WA,2,13:00:00,21:00:00,Mihail Kim,8
2005-01-17,Bellevue,Bellevue,WA,2,13:00:00,21:00:00,Mihail Kim,8
2005-01-17,Bellevue,Bellevue,WA,2,13:00:00,21:00:00,Mihail Kim,8
2005-01-17,Kirkland,Kirkland,WA,1,09:00:00,17:00:00,Elizabeth Berndt,8
2005-01-17,Kirkland,Kirkland,WA,1,09:00:00,17:00:00,Elizabeth Berndt,8
2005-01-17,Kirkland,Kirkland,WA,1,09:00:00,17:00:00,Elizabeth Berndt,8
2005-01-17,Kirkland,Kirkland,WA,1,09:00:00,17:00:00,Elizabeth Berndt,8
2005-01-17,Kirkland,Kirkland,WA,2,13:00:00,21:00:00,Alan Frintu,8
2005-01-17,Kirkland,Kirkland,WA,2,13:00:00,21:00:00,Alan Frintu,8
2005-01-17,Kirkland,Kirkland,WA,2,13:00:00,21:00:00,Alan Frintu,8
2005-01-17,Kirkland,Kirkland,WA,2,13:00:00,21:00:00,Alan Frintu,8
2005-01-17,Redmond,Redmond,WA,1,09:00:00,17:00:00,Alan Frintu,8
2005-01-17,Redmond,Redmond,WA,1,09:00:00,17:00:00,Alan Frintu,8
2005-01-17,Redmond,Redmond,WA,1,09:00:00,17:00:00,Alan Frintu,8
2005-01-17,Redmond,Redmond,WA,1,09:00:00,17:00:00,Alan Frintu,8
2005-01-17,Redmond,Redmond,WA,2,13:00:00,21:00:00,Mihail Kim,8
2005-01-17,Redmond,Redmond,WA,2,13:00:00,21:00:00,Mihail Kim,8
2005-01-17,Redmond,Redmond,WA,2,13:00:00,21:00:00,Mihail Kim,8
2005-01-17,Redmond,Redmond,WA,2,13:00:00,21:00:00,Mihail Kim,8
2005-01-18,Bellevue,Bellevue,WA,1,09:00:00,17:00:00,Ben Goldstein,8
2005-01-18,Bellevue,Bellevue,WA,1,09:00:00,17:00:00,Ben Goldstein,8
2005-01-18,Bellevue,Bellevue,WA,1,09:00:00,17:00:00,Ben Goldstein,8
2005-01-18,Bellevue,Bellevue,WA,1,09:00:00,17:00:00,Ben Goldstein,8
2005-01-18,Bellevue,Bellevue,WA,2,13:00:00,21:00:00,Ben Goldstein,8
2005-01-18,Bellevue,Bellevue,WA,2,13:00:00,21:00:00,Ben Goldstein,8
2005-01-18,Bellevue,Bellevue,WA,2,13:00:00,21:00:00,Ben Goldstein,8
2005-01-18,Bellevue,Bellevue,WA,2,13:00:00,21:00:00,Ben Goldstein,8
2005-01-18,Kirkland,Kirkland,WA,1,09:00:00,17:00:00,Michael John Greer,8
2005-01-18,Kirkland,Kirkland,WA,1,09:00:00,17:00:00,Michael John Greer,8
2005-01-18,Kirkland,Kirkland,WA,1,09:00:00,17:00:00,Michael John Greer,8
2005-01-18,Kirkland,Kirkland,WA,1,09:00:00,17:00:00,Michael John Greer,8
2005-01-18,Kirkland,Kirkland,WA,2,13:00:00,21:00:00,George Abercrombie,8
2005-01-18,Kirkland,Kirkland,WA,2,13:00:00,21:00:00,George Abercrombie,8
2005-01-18,Kirkland,Kirkland,WA,2,13:00:00,21:00:00,George Abercrombie,8
2005-01-18,Kirkland,Kirkland,WA,2,13:00:00,21:00:00,George Abercrombie,8
2005-01-18,Redmond,Redmond,WA,1,09:00:00,17:00:00,Kelly Steiner,8
2005-01-18,Redmond,Redmond,WA,1,09:00:00,17:00:00,Kelly Steiner,8
2005-01-18,Redmond,Redmond,WA,1,09:00:00,17:00:00,Kelly Steiner,8
2005-01-18,Redmond,Redmond,WA,1,09:00:00,17:00:00,Kelly Steiner,8
2005-01-18,Redmond,Redmond,WA,2,13:00:00,21:00:00,Laura German,8
2005-01-18,Redmond,Redmond,WA,2,13:00:00,21:00:00,Laura German,8
2005-01-18,Redmond,Redmond,WA,2,13:00:00,21:00:00,Laura German,8
2005-01-18,Redmond,Redmond,WA,2,13:00:00,21:00:00,Laura German,8
2005-01-19,Bellevue,Bellevue,WA,1,09:00:00,17:00:00,Johnny Kogan,8
2005-01-19,Bellevue,Bellevue,WA,1,09:00:00,17:00:00,Johnny Kogan,8
2005-01-19,Bellevue,Bellevue,WA,1,09:00:00,17:00:00,Johnny Kogan,8
2005-01-19,Bellevue,Bellevue,WA,1,09:00:00,17:00:00,Johnny Kogan,8
2005-01-19,Bellevue,Bellevue,WA,2,13:00:00,21:00:00,Johnny Kogan,8
2005-01-19,Bellevue,Bellevue,WA,2,13:00:00,21:00:00,Johnny Kogan,8
2005-01-19,Bellevue,Bellevue,WA,2,13:00:00,21:00:00,Johnny Kogan,8
2005-01-19,Bellevue,Bellevue,WA,2,13:00:00,21:00:00,Johnny Kogan,8
2005-01-19,Kirkland,Kirkland,WA,1,09:00:00,17:00:00,Kelly Steiner,8
2005-01-19,Kirkland,Kirkland,WA,1,09:00:00,17:00:00,Kelly Steiner,8
2005-01-19,Kirkland,Kirkland,WA,1,09:00:00,17:00:00,Kelly Steiner,8
2005-01-19,Kirkland,Kirkland,WA,1,09:00:00,17:00:00,Kelly Steiner,8
2005-01-19,Kirkland,Kirkland,WA,2,13:00:00,21:00:00,Laura German,8
2005-01-19,Kirkland,Kirkland,WA,2,13:00:00,21:00:00,Laura German,8
2005-01-19,Kirkland,Kirkland,WA,2,13:00:00,21:00:00,Laura German,8
2005-01-19,Kirkland,Kirkland,WA,2,13:00:00,21:00:00,Laura German,8
2005-01-19,Redmond,Redmond,WA,1,09:00:00,17:00:00,Alan Frintu,8
2005-01-19,Redmond,Redmond,WA,1,09:00:00,17:00:00,Alan Frintu,8
2005-01-19,Redmond,Redmond,WA,1,09:00:00,17:00:00,Alan Frintu,8
2005-01-19,Redmond,Redmond,WA,1,09:00:00,17:00:00,Alan Frintu,8
2005-01-19,Redmond,Redmond,WA,2,13:00:00,21:00:00,Laura German,8
2005-01-19,Redmond,Redmond,WA,2,13:00:00,21:00:00,Laura German,8
2005-01-19,Redmond,Redmond,WA,2,13:00:00,21:00:00,Laura German,8
2005-01-19,Redmond,Redmond,WA,2,13:00:00,21:00:00,Laura German,8
2005-01-20,Bellevue,Bellevue,WA,1,09:00:00,17:00:00,Johnny Kogan,8
2005-01-20,Bellevue,Bellevue,WA,1,09:00:00,17:00:00,Johnny Kogan,8
2005-01-20,Bellevue,Bellevue,WA,1,09:00:00,17:00:00,Johnny Kogan,8
2005-01-20,Bellevue,Bellevue,WA,1,09:00:00,17:00:00,Johnny Kogan,8
2005-01-20,Bellevue,Bellevue,WA,2,13:00:00,21:00:00,Alan Frintu,8
2005-01-20,Bellevue,Bellevue,WA,2,13:00:00,21:00:00,Alan Frintu,8
2005-01-20,Bellevue,Bellevue,WA,2,13:00:00,21:00:00,Alan Frintu,8
2005-01-20,Bellevue,Bellevue,WA,2,13:00:00,21:00:00,Alan Frintu,8
2005-01-20,Kirkland,Kirkland,WA,1,09:00:00,17:00:00,Johnny Kogan,8
2005-01-20,Kirkland,Kirkland,WA,1,09:00:00,17:00:00,Johnny Kogan,8
2005-01-20,Kirkland,Kirkland,WA,1,09:00:00,17:00:00,Johnny Kogan,8
2005-01-20,Kirkland,Kirkland,WA,1,09:00:00,17:00:00,Johnny Kogan,8
2005-01-20,Kirkland,Kirkland,WA,2,13:00:00,21:00:00,Alan Frintu,8
2005-01-20,Kirkland,Kirkland,WA,2,13:00:00,21:00:00,Alan Frintu,8
2005-01-20,Kirkland,Kirkland,WA,2,13:00:00,21:00:00,Alan Frintu,8
2005-01-20,Kirkland,Kirkland,WA,2,13:00:00,21:00:00,Alan Frintu,8
2005-01-20,Redmond,Redmond,WA,1,09:00:00,17:00:00,Lee Casts,8
2005-01-20,Redmond,Redmond,WA,1,09:00:00,17:00:00,Lee Casts,8
2005-01-20,Redmond,Redmond,WA,1,09:00:00,17:00:00,Lee Casts,8
2005-01-20,Redmond,Redmond,WA,1,09:00:00,17:00:00,Lee Casts,8
2005-01-20,Redmond,Redmond,WA,2,13:00:00,21:00:00,Kelly Steiner,8
2005-01-20,Redmond,Redmond,WA,2,13:00:00,21:00:00,Kelly Steiner,8
2005-01-20,Redmond,Redmond,WA,2,13:00:00,21:00:00,Kelly Steiner,8
2005-01-20,Redmond,Redmond,WA,2,13:00:00,21:00:00,Kelly Steiner,8
2005-01-21,Bellevue,Bellevue,WA,1,09:00:00,17:00:00,Robert Hodges,8
2005-01-21,Bellevue,Bellevue,WA,1,09:00:00,17:00:00,Robert Hodges,8
2005-01-21,Bellevue,Bellevue,WA,1,09:00:00,17:00:00,Robert Hodges,8
2005-01-21,Bellevue,Bellevue,WA,1,09:00:00,17:00:00,Robert Hodges,8
2005-01-21,Bellevue,Bellevue,WA,2,13:00:00,21:00:00,Robert Hodges,8
2005-01-21,Bellevue,Bellevue,WA,2,13:00:00,21:00:00,Robert Hodges,8
2005-01-21,Bellevue,Bellevue,WA,2,13:00:00,21:00:00,Robert Hodges,8
2005-01-21,Bellevue,Bellevue,WA,2,13:00:00,21:00:00,Robert Hodges,8
2005-01-21,Kirkland,Kirkland,WA,1,09:00:00,17:00:00,Lee Casts,8
2005-01-21,Kirkland,Kirkland,WA,1,09:00:00,17:00:00,Lee Casts,8
2005-01-21,Kirkland,Kirkland,WA,1,09:00:00,17:00:00,Lee Casts,8
2005-01-21,Kirkland,Kirkland,WA,1,09:00:00,17:00:00,Lee Casts,8
2005-01-21,Kirkland,Kirkland,WA,2,13:00:00,21:00:00,Johnny Kogan,8
2005-01-21,Kirkland,Kirkland,WA,2,13:00:00,21:00:00,Johnny Kogan,8
2005-01-21,Kirkland,Kirkland,WA,2,13:00:00,21:00:00,Johnny Kogan,8
2005-01-21,Kirkland,Kirkland,WA,2,13:00:00,21:00:00,Johnny Kogan,8
2005-01-21,Redmond,Redmond,WA,1,09:00:00,17:00:00,George Abercrombie,8
2005-01-21,Redmond,Redmond,WA,1,09:00:00,17:00:00,George Abercrombie,8
2005-01-21,Redmond,Redmond,WA,1,09:00:00,17:00:00,George Abercrombie,8
2005-01-21,Redmond,Redmond,WA,1,09:00:00,17:00:00,George Abercrombie,8
2005-01-21,Redmond,Redmond,WA,2,13:00:00,21:00:00,Kevin Mitchell,8
2005-01-21,Redmond,Redmond,WA,2,13:00:00,21:00:00,Kevin Mitchell,8
2005-01-21,Redmond,Redmond,WA,2,13:00:00,21:00:00,Kevin Mitchell,8
2005-01-21,Redmond,Redmond,WA,2,13:00:00,21:00:00,Kevin Mitchell,8
2005-01-22,Bellevue,Bellevue,WA,1,09:00:00,17:00:00,Elizabeth Berndt,8
2005-01-22,Bellevue,Bellevue,WA,1,09:00:00,17:00:00,Elizabeth Berndt,8
2005-01-22,Bellevue,Bellevue,WA,1,09:00:00,17:00:00,Elizabeth Berndt,8
2005-01-22,Bellevue,Bellevue,WA,1,09:00:00,17:00:00,Elizabeth Berndt,8
2005-01-22,Bellevue,Bellevue,WA,2,13:00:00,21:00:00,Alan Frintu,8
2005-01-22,Bellevue,Bellevue,WA,2,13:00:00,21:00:00,Alan Frintu,8
2005-01-22,Bellevue,Bellevue,WA,2,13:00:00,21:00:00,Alan Frintu,8
2005-01-22,Bellevue,Bellevue,WA,2,13:00:00,21:00:00,Alan Frintu,8
2005-01-22,Kirkland,Kirkland,WA,1,09:00:00,17:00:00,Kelly Steiner,8
2005-01-22,Kirkland,Kirkland,WA,1,09:00:00,17:00:00,Kelly Steiner,8
2005-01-22,Kirkland,Kirkland,WA,1,09:00:00,17:00:00,Kelly Steiner,8
2005-01-22,Kirkland,Kirkland,WA,1,09:00:00,17:00:00,Kelly Steiner,8
2005-01-22,Kirkland,Kirkland,WA,2,13:00:00,21:00:00,George Abercrombie,8
2005-01-22,Kirkland,Kirkland,WA,2,13:00:00,21:00:00,George Abercrombie,8
2005-01-22,Kirkland,Kirkland,WA,2,13:00:00,21:00:00,George Abercrombie,8
2005-01-22,Kirkland,Kirkland,WA,2,13:00:00,21:00:00,George Abercrombie,8
2005-01-22,Redmond,Redmond,WA,1,09:00:00,17:00:00,Alan Frintu,8
2005-01-22,Redmond,Redmond,WA,1,09:00:00,17:00:00,Alan Frintu,8
2005-01-22,Redmond,Redmond,WA,1,09:00:00,17:00:00,Alan Frintu,8
2005-01-22,Redmond,Redmond,WA,1,09:00:00,17:00:00,Alan Frintu,8
2005-01-22,Redmond,Redmond,WA,2,13:00:00,21:00:00,Mihail Kim,8
2005-01-22,Redmond,Redmond,WA,2,13:00:00,21:00:00,Mihail Kim,8
2005-01-22,Redmond,Redmond,WA,2,13:00:00,21:00:00,Mihail Kim,8
2005-01-22,Redmond,Redmond,WA,2,13:00:00,21:00:00,Mihail Kim,8
2005-01-23,Bellevue,Bellevue,WA,1,09:00:00,17:00:00,Lee Casts,8
2005-01-23,Bellevue,Bellevue,WA,1,09:00:00,17:00:00,Lee Casts,8
2005-01-23,Bellevue,Bellevue,WA,1,09:00:00,17:00:00,Lee Casts,8
2005-01-23,Bellevue,Bellevue,WA,1,09:00:00,17:00:00,Lee Casts,8
2005-01-23,Bellevue,Bellevue,WA,2,13:00:00,21:00:00,Johnny Kogan,8
2005-01-23,Bellevue,Bellevue,WA,2,13:00:00,21:00:00,Johnny Kogan,8
2005-01-23,Bellevue,Bellevue,WA,2,13:00:00,21:00:00,Johnny Kogan,8
2005-01-23,Bellevue,Bellevue,WA,2,13:00:00,21:00:00,Johnny Kogan,8
2005-01-23,Kirkland,Kirkland,WA,1,09:00:00,17:00:00,George Abercrombie,8
2005-01-23,Kirkland,Kirkland,WA,1,09:00:00,17:00:00,George Abercrombie,8
2005-01-23,Kirkland,Kirkland,WA,1,09:00:00,17:00:00,George Abercrombie,8
2005-01-23,Kirkland,Kirkland,WA,1,09:00:00,17:00:00,George Abercrombie,8
2005-01-23,Kirkland,Kirkland,WA,2,13:00:00,21:00:00,Ben Goldstein,8
2005-01-23,Kirkland,Kirkland,WA,2,13:00:00,21:00:00,Ben Goldstein,8
2005-01-23,Kirkland,Kirkland,WA,2,13:00:00,21:00:00,Ben Goldstein,8
2005-01-23,Kirkland,Kirkland,WA,2,13:00:00,21:00:00,Ben Goldstein,8
2005-01-23,Redmond,Redmond,WA,1,09:00:00,17:00:00,Michael John Greer,8
2005-01-23,Redmond,Redmond,WA,1,09:00:00,17:00:00,Michael John Greer,8
2005-01-23,Redmond,Redmond,WA,1,09:00:00,17:00:00,Michael John Greer,8
2005-01-23,Redmond,Redmond,WA,1,09:00:00,17:00:00,Michael John Greer,8
2005-01-23,Redmond,Redmond,WA,2,13:00:00,21:00:00,Mihail Kim,8
2005-01-23,Redmond,Redmond,WA,2,13:00:00,21:00:00,Mihail Kim,8
2005-01-23,Redmond,Redmond,WA,2,13:00:00,21:00:00,Mihail Kim,8
2005-01-23,Redmond,Redmond,WA,2,13:00:00,21:00:00,Mihail Kim,8
2005-01-24,Bellevue,Bellevue,WA,1,09:00:00,17:00:00,Ben Goldstein,8
2005-01-24,Bellevue,Bellevue,WA,1,09:00:00,17:00:00,Ben Goldstein,8
2005-01-24,Bellevue,Bellevue,WA,1,09:00:00,17:00:00,Ben Goldstein,8
2005-01-24,Bellevue,Bellevue,WA,1,09:00:00,17:00:00,Ben Goldstein,8
2005-01-24,Bellevue,Bellevue,WA,2,13:00:00,21:00:00,Mihail Kim,8
2005-01-24,Bellevue,Bellevue,WA,2,13:00:00,21:00:00,Mihail Kim,8
2005-01-24,Bellevue,Bellevue,WA,2,13:00:00,21:00:00,Mihail Kim,8
2005-01-24,Bellevue,Bellevue,WA,2,13:00:00,21:00:00,Mihail Kim,8
2005-01-24,Kirkland,Kirkland,WA,1,09:00:00,17:00:00,George Abercrombie,8
2005-01-24,Kirkland,Kirkland,WA,1,09:00:00,17:00:00,George Abercrombie,8
2005-01-24,Kirkland,Kirkland,WA,1,09:00:00,17:00:00,George Abercrombie,8
2005-01-24,Kirkland,Kirkland,WA,1,09:00:00,17:00:00,George Abercrombie,8
2005-01-24,Kirkland,Kirkland,WA,2,13:00:00,21:00:00,Lee Casts,8
2005-01-24,Kirkland,Kirkland,WA,2,13:00:00,21:00:00,Lee Casts,8
2005-01-24,Kirkland,Kirkland,WA,2,13:00:00,21:00:00,Lee Casts,8
2005-01-24,Kirkland,Kirkland,WA,2,13:00:00,21:00:00,Lee Casts,8
2005-01-24,Redmond,Redmond,WA,1,09:00:00,17:00:00,Kevin Mitchell,8
2005-01-24,Redmond,Redmond,WA,1,09:00:00,17:00:00,Kevin Mitchell,8
2005-01-24,Redmond,Redmond,WA,1,09:00:00,17:00:00,Kevin Mitchell,8
2005-01-24,Redmond,Redmond,WA,1,09:00:00,17:00:00,Kevin Mitchell,8
2005-01-24,Redmond,Redmond,WA,2,13:00:00,21:00:00,Kevin Mitchell,8
2005-01-24,Redmond,Redmond,WA,2,13:00:00,21:00:00,Kevin Mitchell,8
2005-01-24,Redmond,Redmond,WA,2,13:00:00,21:00:00,Kevin Mitchell,8
2005-01-24,Redmond,Redmond,WA,2,13:00:00,21:00:00,Kevin Mitchell,8
2005-01-25,Bellevue,Bellevue,WA,1,09:00:00,17:00:00,Johnny Kogan,8
2005-01-25,Bellevue,Bellevue,WA,1,09:00:00,17:00:00,Johnny Kogan,8
2005-01-25,Bellevue,Bellevue,WA,1,09:00:00,17:00:00,Johnny Kogan,8
2005-01-25,Bellevue,Bellevue,WA,1,09:00:00,17:00:00,Johnny Kogan,8
2005-01-25,Bellevue,Bellevue,WA,2,13:00:00,21:00:00,Alan Frintu,8
2005-01-25,Bellevue,Bellevue,WA,2,13:00:00,21:00:00,Alan Frintu,8
2005-01-25,Bellevue,Bellevue,WA,2,13:00:00,21:00:00,Alan Frintu,8
2005-01-25,Bellevue,Bellevue,WA,2,13:00:00,21:00:00,Alan Frintu,8
2005-01-25,Kirkland,Kirkland,WA,1,09:00:00,17:00:00,Laura German,8
2005-01-25,Kirkland,Kirkland,WA,1,09:00:00,17:00:00,Laura German,8
2005-01-25,Kirkland,Kirkland,WA,1,09:00:00,17:00:00,Laura German,8
2005-01-25,Kirkland,Kirkland,WA,1,09:00:00,17:00:00,Laura German,8
2005-01-25,Kirkland,Kirkland,WA,2,13:00:00,21:00:00,Laura German,8
2005-01-25,Kirkland,Kirkland,WA,2,13:00:00,21:00:00,Laura German,8
2005-01-25,Kirkland,Kirkland,WA,2,13:00:00,21:00:00,Laura German,8
2005-01-25,Kirkland,Kirkland,WA,2,13:00:00,21:00:00,Laura German,8
2005-01-25,Redmond,Redmond,WA,1,09:00:00,17:00:00,Robert Hodges,8
2005-01-25,Redmond,Redmond,WA,1,09:00:00,17:00:00,Robert Hodges,8
2005-01-25,Redmond,Redmond,WA,1,09:00:00,17:00:00,Robert Hodges,8
2005-01-25,Redmond,Redmond,WA,1,09:00:00,17:00:00,Robert Hodges,8
2005-01-25,Redmond,Redmond,WA,2,13:00:00,21:00:00,Laura German,8
2005-01-25,Redmond,Redmond,WA,2,13:00:00,21:00:00,Laura German,8
2005-01-25,Redmond,Redmond,WA,2,13:00:00,21:00:00,Laura German,8
2005-01-25,Redmond,Redmond,WA,2,13:00:00,21:00:00,Laura German,8
2005-01-26,Bellevue,Bellevue,WA,1,09:00:00,17:00:00,Elizabeth Berndt,8
2005-01-26,Bellevue,Bellevue,WA,1,09:00:00,17:00:00,Elizabeth Berndt,8
2005-01-26,Bellevue,Bellevue,WA,1,09:00:00,17:00:00,Elizabeth Berndt,8
2005-01-26,Bellevue,Bellevue,WA,1,09:00:00,17:00:00,Elizabeth Berndt,8
2005-01-26,Bellevue,Bellevue,WA,2,13:00:00,21:00:00,Mihail Kim,8
2005-01-26,Bellevue,Bellevue,WA,2,13:00:00,21:00:00,Mihail Kim,8
2005-01-26,Bellevue,Bellevue,WA,2,13:00:00,21:00:00,Mihail Kim,8
2005-01-26,Bellevue,Bellevue,WA,2,13:00:00,21:00:00,Mihail Kim,8
2005-01-26,Kirkland,Kirkland,WA,1,09:00:00,17:00:00,Michael John Greer,8
2005-01-26,Kirkland,Kirkland,WA,1,09:00:00,17:00:00,Michael John Greer,8
2005-01-26,Kirkland,Kirkland,WA,1,09:00:00,17:00:00,Michael John Greer,8
2005-01-26,Kirkland,Kirkland,WA,1,09:00:00,17:00:00,Michael John Greer,8
2005-01-26,Kirkland,Kirkland,WA,2,13:00:00,21:00:00,Michael John Greer,8
2005-01-26,Kirkland,Kirkland,WA,2,13:00:00,21:00:00,Michael John Greer,8
2005-01-26,Kirkland,Kirkland,WA,2,13:00:00,21:00:00,Michael John Greer,8
2005-01-26,Kirkland,Kirkland,WA,2,13:00:00,21:00:00,Michael John Greer,8
2005-01-26,Redmond,Redmond,WA,1,09:00:00,17:00:00,Elizabeth Berndt,8
2005-01-26,Redmond,Redmond,WA,1,09:00:00,17:00:00,Elizabeth Berndt,8
2005-01-26,Redmond,Redmond,WA,1,09:00:00,17:00:00,Elizabeth Berndt,8
2005-01-26,Redmond,Redmond,WA,1,09:00:00,17:00:00,Elizabeth Berndt,8
2005-01-26,Redmond,Redmond,WA,2,13:00:00,21:00:00,Robert Hodges,8
2005-01-26,Redmond,Redmond,WA,2,13:00:00,21:00:00,Robert Hodges,8
2005-01-26,Redmond,Redmond,WA,2,13:00:00,21:00:00,Robert Hodges,8
2005-01-26,Redmond,Redmond,WA,2,13:00:00,21:00:00,Robert Hodges,8
2005-01-27,Bellevue,Bellevue,WA,1,09:00:00,17:00:00,Michael John Greer,8
2005-01-27,Bellevue,Bellevue,WA,1,09:00:00,17:00:00,Michael John Greer,8
2005-01-27,Bellevue,Bellevue,WA,1,09:00:00,17:00:00,Michael John Greer,8
2005-01-27,Bellevue,Bellevue,WA,1,09:00:00,17:00:00,Michael John Greer,8
2005-01-27,Bellevue,Bellevue,WA,2,13:00:00,21:00:00,Robert Hodges,8
2005-01-27,Bellevue,Bellevue,WA,2,13:00:00,21:00:00,Robert Hodges,8
2005-01-27,Bellevue,Bellevue,WA,2,13:00:00,21:00:00,Robert Hodges,8
2005-01-27,Bellevue,Bellevue,WA,2,13:00:00,21:00:00,Robert Hodges,8
2005-01-27,Kirkland,Kirkland,WA,1,09:00:00,17:00:00,Rudolph Ison,8
2005-01-27,Kirkland,Kirkland,WA,1,09:00:00,17:00:00,Rudolph Ison,8
2005-01-27,Kirkland,Kirkland,WA,1,09:00:00,17:00:00,Rudolph Ison,8
2005-01-27,Kirkland,Kirkland,WA,1,09:00:00,17:00:00,Rudolph Ison,8
2005-01-27,Kirkland,Kirkland,WA,2,13:00:00,21:00:00,George Abercrombie,8
2005-01-27,Kirkland,Kirkland,WA,2,13:00:00,21:00:00,George Abercrombie,8
2005-01-27,Kirkland,Kirkland,WA,2,13:00:00,21:00:00,George Abercrombie,8
2005-01-27,Kirkland,Kirkland,WA,2,13:00:00,21:00:00,George Abercrombie,8
2005-01-27,Redmond,Redmond,WA,1,09:00:00,17:00:00,Ben Goldstein,8
2005-01-27,Redmond,Redmond,WA,1,09:00:00,17:00:00,Ben Goldstein,8
2005-01-27,Redmond,Redmond,WA,1,09:00:00,17:00:00,Ben Goldstein,8
2005-01-27,Redmond,Redmond,WA,1,09:00:00,17:00:00,Ben Goldstein,8
2005-01-27,Redmond,Redmond,WA,2,13:00:00,21:00:00,Robert Hodges,8
2005-01-27,Redmond,Redmond,WA,2,13:00:00,21:00:00,Robert Hodges,8
2005-01-27,Redmond,Redmond,WA,2,13:00:00,21:00:00,Robert Hodges,8
2005-01-27,Redmond,Redmond,WA,2,13:00:00,21:00:00,Robert Hodges,8
2005-01-28,Bellevue,Bellevue,WA,1,09:00:00,17:00:00,Johnny Kogan,8
2005-01-28,Bellevue,Bellevue,WA,1,09:00:00,17:00:00,Johnny Kogan,8
2005-01-28,Bellevue,Bellevue,WA,1,09:00:00,17:00:00,Johnny Kogan,8
2005-01-28,Bellevue,Bellevue,WA,1,09:00:00,17:00:00,Johnny Kogan,8
2005-01-28,Bellevue,Bellevue,WA,2,13:00:00,21:00:00,George Abercrombie,8
2005-01-28,Bellevue,Bellevue,WA,2,13:00:00,21:00:00,George Abercrombie,8
2005-01-28,Bellevue,Bellevue,WA,2,13:00:00,21:00:00,George Abercrombie,8
2005-01-28,Bellevue,Bellevue,WA,2,13:00:00,21:00:00,George Abercrombie,8
2005-01-28,Kirkland,Kirkland,WA,1,09:00:00,17:00:00,George Abercrombie,8
2005-01-28,Kirkland,Kirkland,WA,1,09:00:00,17:00:00,George Abercrombie,8
2005-01-28,Kirkland,Kirkland,WA,1,09:00:00,17:00:00,George Abercrombie,8
2005-01-28,Kirkland,Kirkland,WA,1,09:00:00,17:00:00,George Abercrombie,8
2005-01-28,Kirkland,Kirkland,WA,2,13:00:00,21:00:00,Robert Hodges,8
2005-01-28,Kirkland,Kirkland,WA,2,13:00:00,21:00:00,Robert Hodges,8
2005-01-28,Kirkland,Kirkland,WA,2,13:00:00,21:00:00,Robert Hodges,8
2005-01-28,Kirkland,Kirkland,WA,2,13:00:00,21:00:00,Robert Hodges,8
2005-01-28,Redmond,Redmond,WA,1,09:00:00,17:00:00,Lee Casts,8
2005-01-28,Redmond,Redmond,WA,1,09:00:00,17:00:00,Lee Casts,8
2005-01-28,Redmond,Redmond,WA,1,09:00:00,17:00:00,Lee Casts,8
2005-01-28,Redmond,Redmond,WA,1,09:00:00,17:00:00,Lee Casts,8
2005-01-28,Redmond,Redmond,WA,2,13:00:00,21:00:00,Alan Frintu,8
2005-01-28,Redmond,Redmond,WA,2,13:00:00,21:00:00,Alan Frintu,8
2005-01-28,Redmond,Redmond,WA,2,13:00:00,21:00:00,Alan Frintu,8
2005-01-28,Redmond,Redmond,WA,2,13:00:00,21:00:00,Alan Frintu,8
2005-01-29,Bellevue,Bellevue,WA,1,09:00:00,17:00:00,Laura German,8
2005-01-29,Bellevue,Bellevue,WA,1,09:00:00,17:00:00,Laura German,8
2005-01-29,Bellevue,Bellevue,WA,1,09:00:00,17:00:00,Laura German,8
2005-01-29,Bellevue,Bellevue,WA,1,09:00:00,17:00:00,Laura German,8
2005-01-29,Bellevue,Bellevue,WA,2,13:00:00,21:00:00,Rudolph Ison,8
2005-01-29,Bellevue,Bellevue,WA,2,13:00:00,21:00:00,Rudolph Ison,8
2005-01-29,Bellevue,Bellevue,WA,2,13:00:00,21:00:00,Rudolph Ison,8
2005-01-29,Bellevue,Bellevue,WA,2,13:00:00,21:00:00,Rudolph Ison,8
2005-01-29,Kirkland,Kirkland,WA,1,09:00:00,17:00:00,Kelly Steiner,8
2005-01-29,Kirkland,Kirkland,WA,1,09:00:00,17:00:00,Kelly Steiner,8
2005-01-29,Kirkland,Kirkland,WA,1,09:00:00,17:00:00,Kelly Steiner,8
2005-01-29,Kirkland,Kirkland,WA,1,09:00:00,17:00:00,Kelly Steiner,8
2005-01-29,Kirkland,Kirkland,WA,2,13:00:00,21:00:00,Laura German,8
2005-01-29,Kirkland,Kirkland,WA,2,13:00:00,21:00:00,Laura German,8
2005-01-29,Kirkland,Kirkland,WA,2,13:00:00,21:00:00,Laura German,8
2005-01-29,Kirkland,Kirkland,WA,2,13:00:00,21:00:00,Laura German,8
2005-01-29,Redmond,Redmond,WA,1,09:00:00,17:00:00,George Abercrombie,8
2005-01-29,Redmond,Redmond,WA,1,09:00:00,17:00:00,George Abercrombie,8
2005-01-29,Redmond,Redmond,WA,1,09:00:00,17:00:00,George Abercrombie,8
2005-01-29,Redmond,Redmond,WA,1,09:00:00,17:00:00,George Abercrombie,8
2005-01-29,Redmond,Redmond,WA,2,13:00:00,21:00:00,Kevin Mitchell,8
2005-01-29,Redmond,Redmond,WA,2,13:00:00,21:00:00,Kevin Mitchell,8
2005-01-29,Redmond,Redmond,WA,2,13:00:00,21:00:00,Kevin Mitchell,8
2005-01-29,Redmond,Redmond,WA,2,13:00:00,21:00:00,Kevin Mitchell,8
2005-01-30,Bellevue,Bellevue,WA,1,09:00:00,17:00:00,Kevin Mitchell,8
2005-01-30,Bellevue,Bellevue,WA,1,09:00:00,17:00:00,Kevin Mitchell,8
2005-01-30,Bellevue,Bellevue,WA,1,09:00:00,17:00:00,Kevin Mitchell,8
2005-01-30,Bellevue,Bellevue,WA,1,09:00:00,17:00:00,Kevin Mitchell,8
2005-01-30,Bellevue,Bellevue,WA,2,13:00:00,21:00:00,Laura German,8
2005-01-30,Bellevue,Bellevue,WA,2,13:00:00,21:00:00,Laura German,8
2005-01-30,Bellevue,Bellevue,WA,2,13:00:00,21:00:00,Laura German,8
2005-01-30,Bellevue,Bellevue,WA,2,13:00:00,21:00:00,Laura German,8
2005-01-30,Kirkland,Kirkland,WA,1,09:00:00,17:00:00,Michael John Greer,8
2005-01-30,Kirkland,Kirkland,WA,1,09:00:00,17:00:00,Michael John Greer,8
2005-01-30,Kirkland,Kirkland,WA,1,09:00:00,17:00:00,Michael John Greer,8
2005-01-30,Kirkland,Kirkland,WA,1,09:00:00,17:00:00,Michael John Greer,8
2005-01-30,Kirkland,Kirkland,WA,2,13:00:00,21:00:00,Rudolph Ison,8
2005-01-30,Kirkland,Kirkland,WA,2,13:00:00,21:00:00,Rudolph Ison,8
2005-01-30,Kirkland,Kirkland,WA,2,13:00:00,21:00:00,Rudolph Ison,8
2005-01-30,Kirkland,Kirkland,WA,2,13:00:00,21:00:00,Rudolph Ison,8
2005-01-30,Redmond,Redmond,WA,1,09:00:00,17:00:00,Johnny Kogan,8
2005-01-30,Redmond,Redmond,WA,1,09:00:00,17:00:00,Johnny Kogan,8
2005-01-30,Redmond,Redmond,WA,1,09:00:00,17:00:00,Johnny Kogan,8
2005-01-30,Redmond,Redmond,WA,1,09:00:00,17:00:00,Johnny Kogan,8
2005-01-30,Redmond,Redmond,WA,2,13:00:00,21:00:00,Mihail Kim,8
2005-01-30,Redmond,Redmond,WA,2,13:00:00,21:00:00,Mihail Kim,8
2005-01-30,Redmond,Redmond,WA,2,13:00:00,21:00:00,Mihail Kim,8
2005-01-30,Redmond,Redmond,WA,2,13:00:00,21:00:00,Mihail Kim,8
2005-01-31,Bellevue,Bellevue,WA,1,09:00:00,17:00:00,Rudolph Ison,8
2005-01-31,Bellevue,Bellevue,WA,1,09:00:00,17:00:00,Rudolph Ison,8
2005-01-31,Bellevue,Bellevue,WA,1,09:00:00,17:00:00,Rudolph Ison,8
2005-01-31,Bellevue,Bellevue,WA,1,09:00:00,17:00:00,Rudolph Ison,8
2005-01-31,Bellevue,Bellevue,WA,2,13:00:00,21:00:00,Elizabeth Berndt,8
2005-01-31,Bellevue,Bellevue,WA,2,13:00:00,21:00:00,Elizabeth Berndt,8
2005-01-31,Bellevue,Bellevue,WA,2,13:00:00,21:00:00,Elizabeth Berndt,8
2005-01-31,Bellevue,Bellevue,WA,2,13:00:00,21:00:00,Elizabeth Berndt,8
2005-01-31,Kirkland,Kirkland,WA,1,09:00:00,17:00:00,Lee Casts,8
2005-01-31,Kirkland,Kirkland,WA,1,09:00:00,17:00:00,Lee Casts,8
2005-01-31,Kirkland,Kirkland,WA,1,09:00:00,17:00:00,Lee Casts,8
2005-01-31,Kirkland,Kirkland,WA,1,09:00:00,17:00:00,Lee Casts,8
2005-01-31,Kirkland,Kirkland,WA,2,13:00:00,21:00:00,Kevin Mitchell,8
2005-01-31,Kirkland,Kirkland,WA,2,13:00:00,21:00:00,Kevin Mitchell,8
2005-01-31,Kirkland,Kirkland,WA,2,13:00:00,21:00:00,Kevin Mitchell,8
2005-01-31,Kirkland,Kirkland,WA,2,13:00:00,21:00:00,Kevin Mitchell,8
2005-01-31,Redmond,Redmond,WA,1,09:00:00,17:00:00,Laura German,8
2005-01-31,Redmond,Redmond,WA,1,09:00:00,17:00:00,Laura German,8
2005-01-31,Redmond,Redmond,WA,1,09:00:00,17:00:00,Laura German,8
2005-01-31,Redmond,Redmond,WA,1,09:00:00,17:00:00,Laura German,8
2005-01-31,Redmond,Redmond,WA,2,13:00:00,21:00:00,Elizabeth Berndt,8
2005-01-31,Redmond,Redmond,WA,2,13:00:00,21:00:00,Elizabeth Berndt,8
2005-01-31,Redmond,Redmond,WA,2,13:00:00,21:00:00,Elizabeth Berndt,8
2005-01-31,Redmond,Redmond,WA,2,13:00:00,21:00:00,Elizabeth Berndt,8
2005-02-01,Bellevue,Bellevue,WA,1,09:00:00,17:00:00,George Abercrombie,8
2005-02-01,Bellevue,Bellevue,WA,1,09:00:00,17:00:00,George Abercrombie,8
2005-02-01,Bellevue,Bellevue,WA,1,09:00:00,17:00:00,George Abercrombie,8
2005-02-01,Bellevue,Bellevue,WA,1,09:00:00,17:00:00,George Abercrombie,8
2005-02-01,Bellevue,Bellevue,WA,2,13:00:00,21:00:00,Kelly Steiner,8
2005-02-01,Bellevue,Bellevue,WA,2,13:00:00,21:00:00,Kelly Steiner,8
2005-02-01,Bellevue,Bellevue,WA,2,13:00:00,21:00:00,Kelly Steiner,8
2005-02-01,Bellevue,Bellevue,WA,2,13:00:00,21:00:00,Kelly Steiner,8
2005-02-01,Kirkland,Kirkland,WA,1,09:00:00,17:00:00,Ben Goldstein,8
2005-02-01,Kirkland,Kirkland,WA,1,09:00:00,17:00:00,Ben Goldstein,8
2005-02-01,Kirkland,Kirkland,WA,1,09:00:00,17:00:00,Ben Goldstein,8
2005-02-01,Kirkland,Kirkland,WA,1,09:00:00,17:00:00,Ben Goldstein,8
2005-02-01,Kirkland,Kirkland,WA,2,13:00:00,21:00:00,Elizabeth Berndt,8
2005-02-01,Kirkland,Kirkland,WA,2,13:00:00,21:00:00,Elizabeth Berndt,8
2005-02-01,Kirkland,Kirkland,WA,2,13:00:00,21:00:00,Elizabeth Berndt,8
2005-02-01,Kirkland,Kirkland,WA,2,13:00:00,21:00:00,Elizabeth Berndt,8
2005-02-01,Redmond,Redmond,WA,1,09:00:00,17:00:00,Alan Frintu,8
2005-02-01,Redmond,Redmond,WA,1,09:00:00,17:00:00,Alan Frintu,8
2005-02-01,Redmond,Redmond,WA,1,09:00:00,17:00:00,Alan Frintu,8
2005-02-01,Redmond,Redmond,WA,1,09:00:00,17:00:00,Alan Frintu,8
2005-02-01,Redmond,Redmond,WA,2,13:00:00,21:00:00,George Abercrombie,8
2005-02-01,Redmond,Redmond,WA,2,13:00:00,21:00:00,George Abercrombie,8
2005-02-01,Redmond,Redmond,WA,2,13:00:00,21:00:00,George Abercrombie,8
2005-02-01,Redmond,Redmond,WA,2,13:00:00,21:00:00,George Abercrombie,8
2005-02-02,Bellevue,Bellevue,WA,1,09:00:00,17:00:00,Laura German,8
2005-02-02,Bellevue,Bellevue,WA,1,09:00:00,17:00:00,Laura German,8
2005-02-02,Bellevue,Bellevue,WA,1,09:00:00,17:00:00,Laura German,8
2005-02-02,Bellevue,Bellevue,WA,1,09:00:00,17:00:00,Laura German,8
2005-02-02,Bellevue,Bellevue,WA,2,13:00:00,21:00:00,Michael John Greer,8
2005-02-02,Bellevue,Bellevue,WA,2,13:00:00,21:00:00,Michael John Greer,8
2005-02-02,Bellevue,Bellevue,WA,2,13:00:00,21:00:00,Michael John Greer,8
2005-02-02,Bellevue,Bellevue,WA,2,13:00:00,21:00:00,Michael John Greer,8
2005-02-02,Kirkland,Kirkland,WA,1,09:00:00,17:00:00,Laura German,8
2005-02-02,Kirkland,Kirkland,WA,1,09:00:00,17:00:00,Laura German,8
2005-02-02,Kirkland,Kirkland,WA,1,09:00:00,17:00:00,Laura German,8
2005-02-02,Kirkland,Kirkland,WA,1,09:00:00,17:00:00,Laura German,8
2005-02-02,Kirkland,Kirkland,WA,2,13:00:00,21:00:00,Elizabeth Berndt,8
2005-02-02,Kirkland,Kirkland,WA,2,13:00:00,21:00:00,Elizabeth Berndt,8
2005-02-02,Kirkland,Kirkland,WA,2,13:00:00,21:00:00,Elizabeth Berndt,8
2005-02-02,Kirkland,Kirkland,WA,2,13:00:00,21:00:00,Elizabeth Berndt,8
2005-02-02,Redmond,Redmond,WA,1,09:00:00,17:00:00,Rudolph Ison,8
2005-02-02,Redmond,Redmond,WA,1,09:00:00,17:00:00,Rudolph Ison,8
2005-02-02,Redmond,Redmond,WA,1,09:00:00,17:00:00,Rudolph Ison,8
2005-02-02,Redmond,Redmond,WA,1,09:00:00,17:00:00,Rudolph Ison,8
2005-02-02,Redmond,Redmond,WA,2,13:00:00,21:00:00,Ben Goldstein,8
2005-02-02,Redmond,Redmond,WA,2,13:00:00,21:00:00,Ben Goldstein,8
2005-02-02,Redmond,Redmond,WA,2,13:00:00,21:00:00,Ben Goldstein,8
2005-02-02,Redmond,Redmond,WA,2,13:00:00,21:00:00,Ben Goldstein,8
2005-02-03,Bellevue,Bellevue,WA,1,09:00:00,17:00:00,Kelly Steiner,8
2005-02-03,Bellevue,Bellevue,WA,1,09:00:00,17:00:00,Kelly Steiner,8
2005-02-03,Bellevue,Bellevue,WA,1,09:00:00,17:00:00,Kelly Steiner,8
2005-02-03,Bellevue,Bellevue,WA,1,09:00:00,17:00:00,Kelly Steiner,8
2005-02-03,Bellevue,Bellevue,WA,2,13:00:00,21:00:00,Johnny Kogan,8
2005-02-03,Bellevue,Bellevue,WA,2,13:00:00,21:00:00,Johnny Kogan,8
2005-02-03,Bellevue,Bellevue,WA,2,13:00:00,21:00:00,Johnny Kogan,8
2005-02-03,Bellevue,Bellevue,WA,2,13:00:00,21:00:00,Johnny Kogan,8
2005-02-03,Kirkland,Kirkland,WA,1,09:00:00,17:00:00,Lee Casts,8
2005-02-03,Kirkland,Kirkland,WA,1,09:00:00,17:00:00,Lee Casts,8
2005-02-03,Kirkland,Kirkland,WA,1,09:00:00,17:00:00,Lee Casts,8
2005-02-03,Kirkland,Kirkland,WA,1,09:00:00,17:00:00,Lee Casts,8
2005-02-03,Kirkland,Kirkland,WA,2,13:00:00,21:00:00,Kevin Mitchell,8
2005-02-03,Kirkland,Kirkland,WA,2,13:00:00,21:00:00,Kevin Mitchell,8
2005-02-03,Kirkland,Kirkland,WA,2,13:00:00,21:00:00,Kevin Mitchell,8
2005-02-03,Kirkland,Kirkland,WA,2,13:00:00,21:00:00,Kevin Mitchell,8
2005-02-03,Redmond,Redmond,WA,1,09:00:00,17:00:00,George Abercrombie,8
2005-02-03,Redmond,Redmond,WA,1,09:00:00,17:00:00,George Abercrombie,8
2005-02-03,Redmond,Redmond,WA,1,09:00:00,17:00:00,George Abercrombie,8
2005-02-03,Redmond,Redmond,WA,1,09:00:00,17:00:00,George Abercrombie,8
2005-02-03,Redmond,Redmond,WA,2,13:00:00,21:00:00,Laura German,8
2005-02-03,Redmond,Redmond,WA,2,13:00:00,21:00:00,Laura German,8
2005-02-03,Redmond,Redmond,WA,2,13:00:00,21:00:00,Laura German,8
2005-02-03,Redmond,Redmond,WA,2,13:00:00,21:00:00,Laura German,8
2005-02-04,Bellevue,Bellevue,WA,1,09:00:00,17:00:00,Elizabeth Berndt,8
2005-02-04,Bellevue,Bellevue,WA,1,09:00:00,17:00:00,Elizabeth Berndt,8
2005-02-04,Bellevue,Bellevue,WA,1,09:00:00,17:00:00,Elizabeth Berndt,8
2005-02-04,Bellevue,Bellevue,WA,1,09:00:00,17:00:00,Elizabeth Berndt,8
2005-02-04,Bellevue,Bellevue,WA,2,13:00:00,21:00:00,Robert Hodges,8
2005-02-04,Bellevue,Bellevue,WA,2,13:00:00,21:00:00,Robert Hodges,8
2005-02-04,Bellevue,Bellevue,WA,2,13:00:00,21:00:00,Robert Hodges,8
2005-02-04,Bellevue,Bellevue,WA,2,13:00:00,21:00:00,Robert Hodges,8
2005-02-04,Kirkland,Kirkland,WA,1,09:00:00,17:00:00,Laura German,8
2005-02-04,Kirkland,Kirkland,WA,1,09:00:00,17:00:00,Laura German,8
2005-02-04,Kirkland,Kirkland,WA,1,09:00:00,17:00:00,Laura German,8
2005-02-04,Kirkland,Kirkland,WA,1,09:00:00,17:00:00,Laura German,8
2005-02-04,Kirkland,Kirkland,WA,2,13:00:00,21:00:00,Johnny Kogan,8
2005-02-04,Kirkland,Kirkland,WA,2,13:00:00,21:00:00,Johnny Kogan,8
2005-02-04,Kirkland,Kirkland,WA,2,13:00:00,21:00:00,Johnny Kogan,8
2005-02-04,Kirkland,Kirkland,WA,2,13:00:00,21:00:00,Johnny Kogan,8
2005-02-04,Redmond,Redmond,WA,1,09:00:00,17:00:00,Elizabeth Berndt,8
2005-02-04,Redmond,Redmond,WA,1,09:00:00,17:00:00,Elizabeth Berndt,8
2005-02-04,Redmond,Redmond,WA,1,09:00:00,17:00:00,Elizabeth Berndt,8
2005-02-04,Redmond,Redmond,WA,1,09:00:00,17:00:00,Elizabeth Berndt,8
2005-02-04,Redmond,Redmond,WA,2,13:00:00,21:00:00,Ben Goldstein,8
2005-02-04,Redmond,Redmond,WA,2,13:00:00,21:00:00,Ben Goldstein,8
2005-02-04,Redmond,Redmond,WA,2,13:00:00,21:00:00,Ben Goldstein,8
2005-02-04,Redmond,Redmond,WA,2,13:00:00,21:00:00,Ben Goldstein,8
2005-02-05,Bellevue,Bellevue,WA,1,09:00:00,17:00:00,Elizabeth Berndt,8
2005-02-05,Bellevue,Bellevue,WA,1,09:00:00,17:00:00,Elizabeth Berndt,8
2005-02-05,Bellevue,Bellevue,WA,1,09:00:00,17:00:00,Elizabeth Berndt,8
2005-02-05,Bellevue,Bellevue,WA,1,09:00:00,17:00:00,Elizabeth Berndt,8
2005-02-05,Bellevue,Bellevue,WA,2,13:00:00,21:00:00,George Abercrombie,8
2005-02-05,Bellevue,Bellevue,WA,2,13:00:00,21:00:00,George Abercrombie,8
2005-02-05,Bellevue,Bellevue,WA,2,13:00:00,21:00:00,George Abercrombie,8
2005-02-05,Bellevue,Bellevue,WA,2,13:00:00,21:00:00,George Abercrombie,8
2005-02-05,Kirkland,Kirkland,WA,1,09:00:00,17:00:00,Mihail Kim,8
2005-02-05,Kirkland,Kirkland,WA,1,09:00:00,17:00:00,Mihail Kim,8
2005-02-05,Kirkland,Kirkland,WA,1,09:00:00,17:00:00,Mihail Kim,8
2005-02-05,Kirkland,Kirkland,WA,1,09:00:00,17:00:00,Mihail Kim,8
2005-02-05,Kirkland,Kirkland,WA,2,13:00:00,21:00:00,Rudolph Ison,8
2005-02-05,Kirkland,Kirkland,WA,2,13:00:00,21:00:00,Rudolph Ison,8
2005-02-05,Kirkland,Kirkland,WA,2,13:00:00,21:00:00,Rudolph Ison,8
2005-02-05,Kirkland,Kirkland,WA,2,13:00:00,21:00:00,Rudolph Ison,8
2005-02-05,Redmond,Redmond,WA,1,09:00:00,17:00:00,Lee Casts,8
2005-02-05,Redmond,Redmond,WA,1,09:00:00,17:00:00,Lee Casts,8
2005-02-05,Redmond,Redmond,WA,1,09:00:00,17:00:00,Lee Casts,8
2005-02-05,Redmond,Redmond,WA,1,09:00:00,17:00:00,Lee Casts,8
2005-02-05,Redmond,Redmond,WA,2,13:00:00,21:00:00,Laura German,8
2005-02-05,Redmond,Redmond,WA,2,13:00:00,21:00:00,Laura German,8
2005-02-05,Redmond,Redmond,WA,2,13:00:00,21:00:00,Laura German,8
2005-02-05,Redmond,Redmond,WA,2,13:00:00,21:00:00,Laura German,8
2005-02-06,Bellevue,Bellevue,WA,1,09:00:00,17:00:00,Alan Frintu,8
2005-02-06,Bellevue,Bellevue,WA,1,09:00:00,17:00:00,Alan Frintu,8
2005-02-06,Bellevue,Bellevue,WA,1,09:00:00,17:00:00,Alan Frintu,8
2005-02-06,Bellevue,Bellevue,WA,1,09:00:00,17:00:00,Alan Frintu,8
2005-02-06,Bellevue,Bellevue,WA,2,13:00:00,21:00:00,Mihail Kim,8
2005-02-06,Bellevue,Bellevue,WA,2,13:00:00,21:00:00,Mihail Kim,8
2005-02-06,Bellevue,Bellevue,WA,2,13:00:00,21:00:00,Mihail Kim,8
2005-02-06,Bellevue,Bellevue,WA,2,13:00:00,21:00:00,Mihail Kim,8
2005-02-06,Kirkland,Kirkland,WA,1,09:00:00,17:00:00,Robert Hodges,8
2005-02-06,Kirkland,Kirkland,WA,1,09:00:00,17:00:00,Robert Hodges,8
2005-02-06,Kirkland,Kirkland,WA,1,09:00:00,17:00:00,Robert Hodges,8
2005-02-06,Kirkland,Kirkland,WA,1,09:00:00,17:00:00,Robert Hodges,8
2005-02-06,Kirkland,Kirkland,WA,2,13:00:00,21:00:00,Kevin Mitchell,8
2005-02-06,Kirkland,Kirkland,WA,2,13:00:00,21:00:00,Kevin Mitchell,8
2005-02-06,Kirkland,Kirkland,WA,2,13:00:00,21:00:00,Kevin Mitchell,8
2005-02-06,Kirkland,Kirkland,WA,2,13:00:00,21:00:00,Kevin Mitchell,8
2005-02-06,Redmond,Redmond,WA,1,09:00:00,17:00:00,Alan Frintu,8
2005-02-06,Redmond,Redmond,WA,1,09:00:00,17:00:00,Alan Frintu,8
2005-02-06,Redmond,Redmond,WA,1,09:00:00,17:00:00,Alan Frintu,8
2005-02-06,Redmond,Redmond,WA,1,09:00:00,17:00:00,Alan Frintu,8
2005-02-06,Redmond,Redmond,WA,2,13:00:00,21:00:00,Laura German,8
2005-02-06,Redmond,Redmond,WA,2,13:00:00,21:00:00,Laura German,8
2005-02-06,Redmond,Redmond,WA,2,13:00:00,21:00:00,Laura German,8
2005-02-06,Redmond,Redmond,WA,2,13:00:00,21:00:00,Laura German,8
2005-02-07,Bellevue,Bellevue,WA,1,09:00:00,17:00:00,Elizabeth Berndt,8
2005-02-07,Bellevue,Bellevue,WA,1,09:00:00,17:00:00,Elizabeth Berndt,8
2005-02-07,Bellevue,Bellevue,WA,1,09:00:00,17:00:00,Elizabeth Berndt,8
2005-02-07,Bellevue,Bellevue,WA,1,09:00:00,17:00:00,Elizabeth Berndt,8
2005-02-07,Bellevue,Bellevue,WA,2,13:00:00,21:00:00,Kevin Mitchell,8
2005-02-07,Bellevue,Bellevue,WA,2,13:00:00,21:00:00,Kevin Mitchell,8
2005-02-07,Bellevue,Bellevue,WA,2,13:00:00,21:00:00,Kevin Mitchell,8
2005-02-07,Bellevue,Bellevue,WA,2,13:00:00,21:00:00,Kevin Mitchell,8
2005-02-07,Kirkland,Kirkland,WA,1,09:00:00,17:00:00,Elizabeth Berndt,8
2005-02-07,Kirkland,Kirkland,WA,1,09:00:00,17:00:00,Elizabeth Berndt,8
2005-02-07,Kirkland,Kirkland,WA,1,09:00:00,17:00:00,Elizabeth Berndt,8
2005-02-07,Kirkland,Kirkland,WA,1,09:00:00,17:00:00,Elizabeth Berndt,8
2005-02-07,Kirkland,Kirkland,WA,2,13:00:00,21:00:00,Kevin Mitchell,8
2005-02-07,Kirkland,Kirkland,WA,2,13:00:00,21:00:00,Kevin Mitchell,8
2005-02-07,Kirkland,Kirkland,WA,2,13:00:00,21:00:00,Kevin Mitchell,8
2005-02-07,Kirkland,Kirkland,WA,2,13:00:00,21:00:00,Kevin Mitchell,8
2005-02-07,Redmond,Redmond,WA,1,09:00:00,17:00:00,Johnny Kogan,8
2005-02-07,Redmond,Redmond,WA,1,09:00:00,17:00:00,Johnny Kogan,8
2005-02-07,Redmond,Redmond,WA,1,09:00:00,17:00:00,Johnny Kogan,8
2005-02-07,Redmond,Redmond,WA,1,09:00:00,17:00:00,Johnny Kogan,8
2005-02-07,Redmond,Redmond,WA,2,13:00:00,21:00:00,Kelly Steiner,8
2005-02-07,Redmond,Redmond,WA,2,13:00:00,21:00:00,Kelly Steiner,8
2005-02-07,Redmond,Redmond,WA,2,13:00:00,21:00:00,Kelly Steiner,8
2005-02-07,Redmond,Redmond,WA,2,13:00:00,21:00:00,Kelly Steiner,8
2005-02-08,Bellevue,Bellevue,WA,1,09:00:00,17:00:00,George Abercrombie,8
2005-02-08,Bellevue,Bellevue,WA,1,09:00:00,17:00:00,George Abercrombie,8
2005-02-08,Bellevue,Bellevue,WA,1,09:00:00,17:00:00,George Abercrombie,8
2005-02-08,Bellevue,Bellevue,WA,1,09:00:00,17:00:00,George Abercrombie,8
2005-02-08,Bellevue,Bellevue,WA,2,13:00:00,21:00:00,George Abercrombie,8
2005-02-08,Bellevue,Bellevue,WA,2,13:00:00,21:00:00,George Abercrombie,8
2005-02-08,Bellevue,Bellevue,WA,2,13:00:00,21:00:00,George Abercrombie,8
2005-02-08,Bellevue,Bellevue,WA,2,13:00:00,21:00:00,George Abercrombie,8
2005-02-08,Kirkland,Kirkland,WA,1,09:00:00,17:00:00,Kelly Steiner,8
2005-02-08,Kirkland,Kirkland,WA,1,09:00:00,17:00:00,Kelly Steiner,8
2005-02-08,Kirkland,Kirkland,WA,1,09:00:00,17:00:00,Kelly Steiner,8
2005-02-08,Kirkland,Kirkland,WA,1,09:00:00,17:00:00,Kelly Steiner,8
2005-02-08,Kirkland,Kirkland,WA,2,13:00:00,21:00:00,George Abercrombie,8
2005-02-08,Kirkland,Kirkland,WA,2,13:00:00,21:00:00,George Abercrombie,8
2005-02-08,Kirkland,Kirkland,WA,2,13:00:00,21:00:00,George Abercrombie,8
2005-02-08,Kirkland,Kirkland,WA,2,13:00:00,21:00:00,George Abercrombie,8
2005-02-08,Redmond,Redmond,WA,1,09:00:00,17:00:00,Rudolph Ison,8
2005-02-08,Redmond,Redmond,WA,1,09:00:00,17:00:00,Rudolph Ison,8
2005-02-08,Redmond,Redmond,WA,1,09:00:00,17:00:00,Rudolph Ison,8
2005-02-08,Redmond,Redmond,WA,1,09:00:00,17:00:00,Rudolph Ison,8
2005-02-08,Redmond,Redmond,WA,2,13:00:00,21:00:00,Alan Frintu,8
2005-02-08,Redmond,Redmond,WA,2,13:00:00,21:00:00,Alan Frintu,8
2005-02-08,Redmond,Redmond,WA,2,13:00:00,21:00:00,Alan Frintu,8
2005-02-08,Redmond,Redmond,WA,2,13:00:00,21:00:00,Alan Frintu,8
2005-02-09,Bellevue,Bellevue,WA,1,09:00:00,17:00:00,Robert Hodges,8
2005-02-09,Bellevue,Bellevue,WA,1,09:00:00,17:00:00,Robert Hodges,8
2005-02-09,Bellevue,Bellevue,WA,1,09:00:00,17:00:00,Robert Hodges,8
2005-02-09,Bellevue,Bellevue,WA,1,09:00:00,17:00:00,Robert Hodges,8
2005-02-09,Bellevue,Bellevue,WA,2,13:00:00,21:00:00,Kelly Steiner,8
2005-02-09,Bellevue,Bellevue,WA,2,13:00:00,21:00:00,Kelly Steiner,8
2005-02-09,Bellevue,Bellevue,WA,2,13:00:00,21:00:00,Kelly Steiner,8
2005-02-09,Bellevue,Bellevue,WA,2,13:00:00,21:00:00,Kelly Steiner,8
2005-02-09,Kirkland,Kirkland,WA,1,09:00:00,17:00:00,George Abercrombie,8
2005-02-09,Kirkland,Kirkland,WA,1,09:00:00,17:00:00,George Abercrombie,8
2005-02-09,Kirkland,Kirkland,WA,1,09:00:00,17:00:00,George Abercrombie,8
2005-02-09,Kirkland,Kirkland,WA,1,09:00:00,17:00:00,George Abercrombie,8
2005-02-09,Kirkland,Kirkland,WA,2,13:00:00,21:00:00,Laura German,8
2005-02-09,Kirkland,Kirkland,WA,2,13:00:00,21:00:00,Laura German,8
2005-02-09,Kirkland,Kirkland,WA,2,13:00:00,21:00:00,Laura German,8
2005-02-09,Kirkland,Kirkland,WA,2,13:00:00,21:00:00,Laura German,8
2005-02-09,Redmond,Redmond,WA,1,09:00:00,17:00:00,Elizabeth Berndt,8
2005-02-09,Redmond,Redmond,WA,1,09:00:00,17:00:00,Elizabeth Berndt,8
2005-02-09,Redmond,Redmond,WA,1,09:00:00,17:00:00,Elizabeth Berndt,8
2005-02-09,Redmond,Redmond,WA,1,09:00:00,17:00:00,Elizabeth Berndt,8
2005-02-09,Redmond,Redmond,WA,2,13:00:00,21:00:00,Lee Casts,8
2005-02-09,Redmond,Redmond,WA,2,13:00:00,21:00:00,Lee Casts,8
2005-02-09,Redmond,Redmond,WA,2,13:00:00,21:00:00,Lee Casts,8
2005-02-09,Redmond,Redmond,WA,2,13:00:00,21:00:00,Lee Casts,8
2005-02-10,Bellevue,Bellevue,WA,1,09:00:00,17:00:00,Lee Casts,8
2005-02-10,Bellevue,Bellevue,WA,1,09:00:00,17:00:00,Lee Casts,8
2005-02-10,Bellevue,Bellevue,WA,1,09:00:00,17:00:00,Lee Casts,8
2005-02-10,Bellevue,Bellevue,WA,1,09:00:00,17:00:00,Lee Casts,8
2005-02-10,Bellevue,Bellevue,WA,2,13:00:00,21:00:00,Michael John Greer,8
2005-02-10,Bellevue,Bellevue,WA,2,13:00:00,21:00:00,Michael John Greer,8
2005-02-10,Bellevue,Bellevue,WA,2,13:00:00,21:00:00,Michael John Greer,8
2005-02-10,Bellevue,Bellevue,WA,2,13:00:00,21:00:00,Michael John Greer,8
2005-02-10,Kirkland,Kirkland,WA,1,09:00:00,17:00:00,Kevin Mitchell,8
2005-02-10,Kirkland,Kirkland,WA,1,09:00:00,17:00:00,Kevin Mitchell,8
2005-02-10,Kirkland,Kirkland,WA,1,09:00:00,17:00:00,Kevin Mitchell,8
2005-02-10,Kirkland,Kirkland,WA,1,09:00:00,17:00:00,Kevin Mitchell,8
2005-02-10,Kirkland,Kirkland,WA,2,13:00:00,21:00:00,Lee Casts,8
2005-02-10,Kirkland,Kirkland,WA,2,13:00:00,21:00:00,Lee Casts,8
2005-02-10,Kirkland,Kirkland,WA,2,13:00:00,21:00:00,Lee Casts,8
2005-02-10,Kirkland,Kirkland,WA,2,13:00:00,21:00:00,Lee Casts,8
2005-02-10,Redmond,Redmond,WA,1,09:00:00,17:00:00,Elizabeth Berndt,8
2005-02-10,Redmond,Redmond,WA,1,09:00:00,17:00:00,Elizabeth Berndt,8
2005-02-10,Redmond,Redmond,WA,1,09:00:00,17:00:00,Elizabeth Berndt,8
2005-02-10,Redmond,Redmond,WA,1,09:00:00,17:00:00,Elizabeth Berndt,8
2005-02-10,Redmond,Redmond,WA,2,13:00:00,21:00:00,Alan Frintu,8
2005-02-10,Redmond,Redmond,WA,2,13:00:00,21:00:00,Alan Frintu,8
2005-02-10,Redmond,Redmond,WA,2,13:00:00,21:00:00,Alan Frintu,8
2005-02-10,Redmond,Redmond,WA,2,13:00:00,21:00:00,Alan Frintu,8
2005-02-11,Bellevue,Bellevue,WA,1,09:00:00,17:00:00,Ben Goldstein,8
2005-02-11,Bellevue,Bellevue,WA,1,09:00:00,17:00:00,Ben Goldstein,8
2005-02-11,Bellevue,Bellevue,WA,1,09:00:00,17:00:00,Ben Goldstein,8
2005-02-11,Bellevue,Bellevue,WA,1,09:00:00,17:00:00,Ben Goldstein,8
2005-02-11,Bellevue,Bellevue,WA,2,13:00:00,21:00:00,Elizabeth Berndt,8
2005-02-11,Bellevue,Bellevue,WA,2,13:00:00,21:00:00,Elizabeth Berndt,8
2005-02-11,Bellevue,Bellevue,WA,2,13:00:00,21:00:00,Elizabeth Berndt,8
2005-02-11,Bellevue,Bellevue,WA,2,13:00:00,21:00:00,Elizabeth Berndt,8
2005-02-11,Kirkland,Kirkland,WA,1,09:00:00,17:00:00,Alan Frintu,8
2005-02-11,Kirkland,Kirkland,WA,1,09:00:00,17:00:00,Alan Frintu,8
2005-02-11,Kirkland,Kirkland,WA,1,09:00:00,17:00:00,Alan Frintu,8
2005-02-11,Kirkland,Kirkland,WA,1,09:00:00,17:00:00,Alan Frintu,8
2005-02-11,Kirkland,Kirkland,WA,2,13:00:00,21:00:00,Kevin Mitchell,8
2005-02-11,Kirkland,Kirkland,WA,2,13:00:00,21:00:00,Kevin Mitchell,8
2005-02-11,Kirkland,Kirkland,WA,2,13:00:00,21:00:00,Kevin Mitchell,8
2005-02-11,Kirkland,Kirkland,WA,2,13:00:00,21:00:00,Kevin Mitchell,8
